,coin,high,low,open,close
2018-06-25 00:30:00,USDJPY,109.522,109.508,109.51,109.514
2018-06-25 00:35:00,USDJPY,109.515,109.478,109.514,109.49
2018-06-25 00:40:00,USDJPY,109.5,109.477,109.492,109.483
2018-06-25 00:45:00,USDJPY,109.485,109.47,109.482,109.477
2018-06-25 00:50:00,USDJPY,109.486,109.469,109.477,109.483
2018-06-25 00:55:00,USDJPY,109.495,109.48,109.486,109.485
2018-06-25 01:00:00,USDJPY,109.486,109.456,109.486,109.478
2018-06-25 01:05:00,USDJPY,109.483,109.453,109.477,109.46
2018-06-25 01:10:00,USDJPY,109.463,109.396,109.461,109.428
2018-06-25 01:15:00,USDJPY,109.429,109.386,109.426,109.403
2018-06-25 01:20:00,USDJPY,109.406,109.384,109.403,109.399
2018-06-25 01:25:00,USDJPY,109.429,109.391,109.398,109.425
2018-06-25 01:30:00,USDJPY,109.427,109.383,109.425,109.404
2018-06-25 01:35:00,USDJPY,109.408,109.383,109.405,109.401
2018-06-25 01:40:00,USDJPY,109.425,109.373,109.402,109.422
2018-06-25 01:45:00,USDJPY,109.442,109.405,109.422,109.442
2018-06-25 01:50:00,USDJPY,109.445,109.425,109.441,109.436
2018-06-25 01:55:00,USDJPY,109.451,109.434,109.436,109.44
2018-06-25 02:00:00,USDJPY,109.479,109.436,109.44,109.46
2018-06-25 02:05:00,USDJPY,109.479,109.451,109.459,109.462
2018-06-25 02:10:00,USDJPY,109.469,109.438,109.461,109.452
2018-06-25 02:15:00,USDJPY,109.502,109.453,109.453,109.496
2018-06-25 02:20:00,USDJPY,109.549,109.494,109.494,109.538
2018-06-25 02:25:00,USDJPY,109.565,109.511,109.539,109.53
2018-06-25 02:30:00,USDJPY,109.549,109.499,109.528,109.506
2018-06-25 02:35:00,USDJPY,109.543,109.499,109.507,109.509
2018-06-25 02:40:00,USDJPY,109.526,109.493,109.508,109.526
2018-06-25 02:45:00,USDJPY,109.531,109.49,109.528,109.49
2018-06-25 02:50:00,USDJPY,109.492,109.456,109.49,109.47
2018-06-25 02:55:00,USDJPY,109.482,109.435,109.47,109.44
2018-06-25 03:00:00,USDJPY,109.496,109.436,109.442,109.493
2018-06-25 03:05:00,USDJPY,109.507,109.448,109.492,109.477
2018-06-25 03:10:00,USDJPY,109.486,109.453,109.476,109.457
2018-06-25 03:15:00,USDJPY,109.457,109.424,109.457,109.443
2018-06-25 03:20:00,USDJPY,109.451,109.42,109.444,109.447
2018-06-25 03:25:00,USDJPY,109.454,109.437,109.446,109.44
2018-06-25 03:30:00,USDJPY,109.464,109.424,109.439,109.438
2018-06-25 03:35:00,USDJPY,109.453,109.429,109.439,109.446
2018-06-25 03:40:00,USDJPY,109.481,109.436,109.447,109.476
2018-06-25 03:45:00,USDJPY,109.513,109.467,109.475,109.492
2018-06-25 03:50:00,USDJPY,109.496,109.466,109.491,109.468
2018-06-25 03:55:00,USDJPY,109.483,109.462,109.468,109.471
2018-06-25 04:00:00,USDJPY,109.565,109.469,109.473,109.563
2018-06-25 04:05:00,USDJPY,109.585,109.549,109.565,109.561
2018-06-25 04:10:00,USDJPY,109.574,109.554,109.562,109.561
2018-06-25 04:15:00,USDJPY,109.561,109.532,109.561,109.543
2018-06-25 04:20:00,USDJPY,109.552,109.521,109.542,109.537
2018-06-25 04:25:00,USDJPY,109.538,109.51,109.538,109.512
2018-06-25 04:30:00,USDJPY,109.512,109.482,109.512,109.486
2018-06-25 04:35:00,USDJPY,109.519,109.486,109.487,109.502
2018-06-25 04:40:00,USDJPY,109.538,109.495,109.503,109.525
2018-06-25 04:45:00,USDJPY,109.524,109.474,109.524,109.481
2018-06-25 04:50:00,USDJPY,109.499,109.473,109.482,109.476
2018-06-25 04:55:00,USDJPY,109.479,109.455,109.477,109.456
2018-06-25 05:00:00,USDJPY,109.462,109.45,109.456,109.455
2018-06-25 05:05:00,USDJPY,109.457,109.413,109.455,109.413
2018-06-25 05:10:00,USDJPY,109.456,109.412,109.413,109.455
2018-06-25 05:15:00,USDJPY,109.458,109.431,109.454,109.438
2018-06-25 05:20:00,USDJPY,109.463,109.432,109.439,109.461
2018-06-25 05:25:00,USDJPY,109.485,109.461,109.462,109.483
2018-06-25 05:30:00,USDJPY,109.497,109.48,109.486,109.481
2018-06-25 05:35:00,USDJPY,109.503,109.474,109.48,109.499
2018-06-25 05:40:00,USDJPY,109.514,109.491,109.499,109.503
2018-06-25 05:45:00,USDJPY,109.51,109.493,109.502,109.502
2018-06-25 05:50:00,USDJPY,109.526,109.493,109.501,109.52
2018-06-25 05:55:00,USDJPY,109.525,109.501,109.519,109.502
2018-06-25 06:00:00,USDJPY,109.535,109.503,109.503,109.533
2018-06-25 06:05:00,USDJPY,109.528,109.5,109.528,109.502
2018-06-25 06:10:00,USDJPY,109.502,109.454,109.502,109.47
2018-06-25 06:15:00,USDJPY,109.469,109.45,109.469,109.456
2018-06-25 06:20:00,USDJPY,109.462,109.451,109.456,109.456
2018-06-25 06:25:00,USDJPY,109.489,109.443,109.457,109.486
2018-06-25 06:30:00,USDJPY,109.492,109.467,109.486,109.472
2018-06-25 06:35:00,USDJPY,109.48,109.471,109.471,109.479
2018-06-25 06:40:00,USDJPY,109.48,109.458,109.48,109.459
2018-06-25 06:45:00,USDJPY,109.533,109.456,109.459,109.533
2018-06-25 06:50:00,USDJPY,109.534,109.504,109.533,109.509
2018-06-25 06:55:00,USDJPY,109.55,109.509,109.509,109.548
2018-06-25 07:00:00,USDJPY,109.55,109.518,109.549,109.518
2018-06-25 07:05:00,USDJPY,109.568,109.512,109.518,109.566
2018-06-25 07:10:00,USDJPY,109.626,109.553,109.565,109.62
2018-06-25 07:15:00,USDJPY,109.619,109.586,109.619,109.589
2018-06-25 07:20:00,USDJPY,109.645,109.588,109.589,109.619
2018-06-25 07:25:00,USDJPY,109.623,109.602,109.621,109.604
2018-06-25 07:30:00,USDJPY,109.605,109.58,109.603,109.58
2018-06-25 07:35:00,USDJPY,109.581,109.55,109.581,109.557
2018-06-25 07:40:00,USDJPY,109.579,109.543,109.558,109.572
2018-06-25 07:45:00,USDJPY,109.578,109.544,109.572,109.544
2018-06-25 07:50:00,USDJPY,109.562,109.535,109.544,109.543
2018-06-25 07:55:00,USDJPY,109.59,109.545,109.545,109.588
2018-06-25 08:00:00,USDJPY,109.609,109.577,109.586,109.598
2018-06-25 08:05:00,USDJPY,109.629,109.59,109.597,109.594
2018-06-25 08:10:00,USDJPY,109.594,109.559,109.593,109.587
2018-06-25 08:15:00,USDJPY,109.587,109.56,109.587,109.58
2018-06-25 08:20:00,USDJPY,109.619,109.57,109.581,109.614
2018-06-25 08:25:00,USDJPY,109.622,109.589,109.613,109.596
2018-06-25 08:30:00,USDJPY,109.597,109.561,109.597,109.579
2018-06-25 08:35:00,USDJPY,109.621,109.573,109.58,109.607
2018-06-25 08:40:00,USDJPY,109.625,109.586,109.608,109.587
2018-06-25 08:45:00,USDJPY,109.648,109.577,109.588,109.646
2018-06-25 08:50:00,USDJPY,109.66,109.639,109.646,109.644
2018-06-25 08:55:00,USDJPY,109.662,109.635,109.645,109.648
2018-06-25 09:00:00,USDJPY,109.659,109.624,109.647,109.629
2018-06-25 09:05:00,USDJPY,109.651,109.623,109.63,109.637
2018-06-25 09:10:00,USDJPY,109.651,109.63,109.638,109.633
2018-06-25 09:15:00,USDJPY,109.644,109.596,109.636,109.627
2018-06-25 09:20:00,USDJPY,109.64,109.613,109.628,109.615
2018-06-25 09:25:00,USDJPY,109.626,109.603,109.617,109.607
2018-06-25 09:30:00,USDJPY,109.658,109.589,109.607,109.658
2018-06-25 09:35:00,USDJPY,109.661,109.589,109.658,109.589
2018-06-25 09:40:00,USDJPY,109.618,109.588,109.588,109.615
2018-06-25 09:45:00,USDJPY,109.616,109.529,109.616,109.555
2018-06-25 09:50:00,USDJPY,109.582,109.539,109.555,109.556
2018-06-25 09:55:00,USDJPY,109.556,109.524,109.556,109.527
2018-06-25 10:00:00,USDJPY,109.555,109.469,109.524,109.491
2018-06-25 10:05:00,USDJPY,109.509,109.473,109.491,109.486
2018-06-25 10:10:00,USDJPY,109.53,109.485,109.485,109.505
2018-06-25 10:15:00,USDJPY,109.526,109.489,109.505,109.513
2018-06-25 10:20:00,USDJPY,109.567,109.513,109.514,109.566
2018-06-25 10:25:00,USDJPY,109.633,109.551,109.565,109.627
2018-06-25 10:30:00,USDJPY,109.628,109.598,109.628,109.615
2018-06-25 10:35:00,USDJPY,109.661,109.61,109.614,109.624
2018-06-25 10:40:00,USDJPY,109.691,109.613,109.623,109.673
2018-06-25 10:45:00,USDJPY,109.675,109.626,109.674,109.674
2018-06-25 10:50:00,USDJPY,109.674,109.621,109.673,109.632
2018-06-25 10:55:00,USDJPY,109.685,109.634,109.634,109.678
2018-06-25 11:00:00,USDJPY,109.69,109.65,109.676,109.653
2018-06-25 11:05:00,USDJPY,109.655,109.634,109.652,109.642
2018-06-25 11:10:00,USDJPY,109.691,109.631,109.638,109.663
2018-06-25 11:15:00,USDJPY,109.671,109.629,109.662,109.63
2018-06-25 11:20:00,USDJPY,109.637,109.599,109.629,109.601
2018-06-25 11:25:00,USDJPY,109.609,109.569,109.601,109.571
2018-06-25 11:30:00,USDJPY,109.588,109.554,109.571,109.559
2018-06-25 11:35:00,USDJPY,109.581,109.552,109.558,109.573
2018-06-25 11:40:00,USDJPY,109.646,109.54,109.572,109.639
2018-06-25 11:45:00,USDJPY,109.674,109.622,109.638,109.669
2018-06-25 11:50:00,USDJPY,109.67,109.612,109.668,109.618
2018-06-25 11:55:00,USDJPY,109.632,109.609,109.617,109.613
2018-06-25 12:00:00,USDJPY,109.629,109.552,109.616,109.566
2018-06-25 12:05:00,USDJPY,109.57,109.51,109.565,109.511
2018-06-25 12:10:00,USDJPY,109.529,109.485,109.514,109.523
2018-06-25 12:15:00,USDJPY,109.533,109.501,109.522,109.508
2018-06-25 12:20:00,USDJPY,109.584,109.485,109.508,109.582
2018-06-25 12:25:00,USDJPY,109.583,109.554,109.583,109.573
2018-06-25 12:30:00,USDJPY,109.577,109.538,109.574,109.546
2018-06-25 12:35:00,USDJPY,109.548,109.517,109.547,109.523
2018-06-25 12:40:00,USDJPY,109.549,109.521,109.522,109.545
2018-06-25 12:45:00,USDJPY,109.545,109.49,109.544,109.499
2018-06-25 12:50:00,USDJPY,109.535,109.498,109.501,109.519
2018-06-25 12:55:00,USDJPY,109.564,109.511,109.518,109.544
2018-06-25 13:00:00,USDJPY,109.545,109.491,109.543,109.506
2018-06-25 13:05:00,USDJPY,109.518,109.5,109.506,109.516
2018-06-25 13:10:00,USDJPY,109.516,109.467,109.515,109.481
2018-06-25 13:15:00,USDJPY,109.487,109.445,109.482,109.447
2018-06-25 13:20:00,USDJPY,109.467,109.439,109.446,109.447
2018-06-25 13:25:00,USDJPY,109.481,109.446,109.446,109.468
2018-06-25 13:30:00,USDJPY,109.497,109.464,109.469,109.496
2018-06-25 13:35:00,USDJPY,109.506,109.474,109.495,109.505
2018-06-25 13:40:00,USDJPY,109.527,109.499,109.505,109.511
2018-06-25 13:45:00,USDJPY,109.526,109.498,109.512,109.505
2018-06-25 13:50:00,USDJPY,109.519,109.493,109.504,109.495
2018-06-25 13:55:00,USDJPY,109.503,109.483,109.494,109.488
2018-06-25 14:00:00,USDJPY,109.499,109.458,109.487,109.471
2018-06-25 14:05:00,USDJPY,109.526,109.459,109.47,109.493
2018-06-25 14:10:00,USDJPY,109.517,109.475,109.493,109.508
2018-06-25 14:15:00,USDJPY,109.511,109.478,109.509,109.489
2018-06-25 14:20:00,USDJPY,109.497,109.48,109.489,109.485
2018-06-25 14:25:00,USDJPY,109.508,109.485,109.485,109.508
2018-06-25 14:30:00,USDJPY,109.509,109.468,109.509,109.479
2018-06-25 14:35:00,USDJPY,109.478,109.419,109.478,109.429
2018-06-25 14:40:00,USDJPY,109.429,109.397,109.426,109.409
2018-06-25 14:45:00,USDJPY,109.415,109.389,109.411,109.4
2018-06-25 14:50:00,USDJPY,109.413,109.365,109.399,109.413
2018-06-25 14:55:00,USDJPY,109.46,109.412,109.412,109.436
2018-06-25 15:00:00,USDJPY,109.457,109.436,109.437,109.449
2018-06-25 15:05:00,USDJPY,109.477,109.431,109.45,109.468
2018-06-25 15:10:00,USDJPY,109.489,109.432,109.469,109.434
2018-06-25 15:15:00,USDJPY,109.486,109.425,109.433,109.482
2018-06-25 15:20:00,USDJPY,109.491,109.47,109.483,109.485
2018-06-25 15:25:00,USDJPY,109.501,109.471,109.486,109.471
2018-06-25 15:30:00,USDJPY,109.494,109.464,109.472,109.494
2018-06-25 15:35:00,USDJPY,110.033,109.49,109.495,109.877
2018-06-25 15:40:00,USDJPY,109.931,109.802,109.877,109.828
2018-06-25 15:45:00,USDJPY,109.841,109.762,109.828,109.797
2018-06-25 15:50:00,USDJPY,109.841,109.78,109.796,109.816
2018-06-25 15:55:00,USDJPY,109.865,109.801,109.813,109.819
2018-06-25 16:00:00,USDJPY,109.823,109.753,109.82,109.76
2018-06-25 16:05:00,USDJPY,109.81,109.749,109.76,109.772
2018-06-25 16:10:00,USDJPY,109.778,109.749,109.771,109.76
2018-06-25 16:15:00,USDJPY,109.767,109.754,109.759,109.761
2018-06-25 16:20:00,USDJPY,109.769,109.751,109.761,109.765
2018-06-25 16:25:00,USDJPY,109.77,109.75,109.765,109.75
2018-06-25 16:30:00,USDJPY,109.766,109.748,109.749,109.756
2018-06-25 16:35:00,USDJPY,109.758,109.741,109.756,109.741
2018-06-25 16:40:00,USDJPY,109.749,109.726,109.742,109.739
2018-06-25 16:45:00,USDJPY,109.758,109.738,109.738,109.758
2018-06-25 16:50:00,USDJPY,109.77,109.732,109.758,109.747
2018-06-25 16:55:00,USDJPY,109.77,109.738,109.749,109.745
2018-06-25 17:00:00,USDJPY,109.75,109.74,109.743,109.75
2018-06-25 17:05:00,USDJPY,109.755,109.748,109.75,109.753
2018-06-25 17:10:00,USDJPY,109.758,109.744,109.754,109.753
2018-06-25 17:15:00,USDJPY,109.764,109.733,109.752,109.733
2018-06-25 17:20:00,USDJPY,109.75,109.731,109.733,109.731
2018-06-25 17:25:00,USDJPY,109.732,109.721,109.731,109.73
2018-06-25 17:30:00,USDJPY,109.768,109.708,109.728,109.733
2018-06-25 17:35:00,USDJPY,109.742,109.727,109.735,109.733
2018-06-25 17:40:00,USDJPY,109.775,109.716,109.731,109.724
2018-06-25 17:45:00,USDJPY,109.736,109.713,109.726,109.732
2018-06-25 17:50:00,USDJPY,109.742,109.722,109.733,109.729
2018-06-25 17:55:00,USDJPY,109.744,109.719,109.728,109.733
2018-06-25 18:00:00,USDJPY,109.739,109.72,109.734,109.72
2018-06-25 18:05:00,USDJPY,109.746,109.719,109.72,109.738
2018-06-25 18:10:00,USDJPY,109.739,109.716,109.739,109.717
2018-06-25 18:15:00,USDJPY,109.728,109.717,109.717,109.724
2018-06-25 18:20:00,USDJPY,109.731,109.722,109.723,109.731
2018-06-25 18:25:00,USDJPY,109.73,109.717,109.73,109.717
2018-06-25 18:30:00,USDJPY,109.716,109.697,109.716,109.704
2018-06-25 18:35:00,USDJPY,109.701,109.662,109.701,109.662
2018-06-25 18:40:00,USDJPY,109.67,109.655,109.663,109.659
2018-06-25 18:45:00,USDJPY,109.682,109.66,109.66,109.678
2018-06-25 18:50:00,USDJPY,109.678,109.649,109.677,109.669
2018-06-25 18:55:00,USDJPY,109.682,109.667,109.668,109.675
2018-06-25 19:00:00,USDJPY,109.693,109.665,109.676,109.666
2018-06-25 19:05:00,USDJPY,109.671,109.65,109.667,109.658
2018-06-25 19:10:00,USDJPY,109.677,109.65,109.659,109.652
2018-06-25 19:15:00,USDJPY,109.66,109.648,109.656,109.658
2018-06-25 19:20:00,USDJPY,109.67,109.657,109.657,109.663
2018-06-25 19:25:00,USDJPY,109.665,109.647,109.664,109.648
2018-06-25 19:30:00,USDJPY,109.659,109.63,109.646,109.658
2018-06-25 19:35:00,USDJPY,109.659,109.65,109.658,109.652
2018-06-25 19:40:00,USDJPY,109.652,109.618,109.651,109.628
2018-06-25 19:45:00,USDJPY,109.646,109.616,109.629,109.621
2018-06-25 19:50:00,USDJPY,109.636,109.618,109.622,109.623
2018-06-25 19:55:00,USDJPY,109.65,109.624,109.624,109.637
2018-06-25 20:00:00,USDJPY,109.659,109.58,109.638,109.606
2018-06-25 20:05:00,USDJPY,109.612,109.541,109.607,109.559
2018-06-25 20:10:00,USDJPY,109.563,109.506,109.56,109.512
2018-06-25 20:15:00,USDJPY,109.563,109.51,109.511,109.562
2018-06-25 20:20:00,USDJPY,109.6,109.552,109.561,109.596
2018-06-25 20:25:00,USDJPY,109.611,109.573,109.595,109.584
2018-06-25 20:30:00,USDJPY,109.619,109.576,109.585,109.608
2018-06-25 20:35:00,USDJPY,109.607,109.568,109.607,109.57
2018-06-25 20:40:00,USDJPY,109.673,109.57,109.571,109.666
2018-06-25 20:45:00,USDJPY,109.676,109.61,109.667,109.631
2018-06-25 20:50:00,USDJPY,109.654,109.572,109.63,109.572
2018-06-25 20:55:00,USDJPY,109.593,109.539,109.575,109.559
2018-06-25 21:00:00,USDJPY,109.597,109.555,109.56,109.596
2018-06-25 21:05:00,USDJPY,109.602,109.563,109.598,109.585
2018-06-25 21:10:00,USDJPY,109.641,109.583,109.586,109.625
2018-06-25 21:15:00,USDJPY,109.633,109.57,109.626,109.591
2018-06-25 21:20:00,USDJPY,109.592,109.563,109.59,109.586
2018-06-25 21:25:00,USDJPY,109.59,109.564,109.586,109.578
2018-06-25 21:30:00,USDJPY,109.58,109.472,109.577,109.484
2018-06-25 21:35:00,USDJPY,109.513,109.474,109.485,109.499
2018-06-25 21:40:00,USDJPY,109.506,109.471,109.5,109.492
2018-06-25 21:45:00,USDJPY,109.502,109.459,109.493,109.466
2018-06-25 21:50:00,USDJPY,109.507,109.456,109.468,109.462
2018-06-25 21:55:00,USDJPY,109.47,109.444,109.463,109.46
2018-06-25 22:00:00,USDJPY,109.474,109.442,109.461,109.451
2018-06-25 22:05:00,USDJPY,109.45,109.4,109.45,109.402
2018-06-25 22:10:00,USDJPY,109.421,109.366,109.402,109.401
2018-06-25 22:15:00,USDJPY,109.424,109.378,109.4,109.415
2018-06-25 22:20:00,USDJPY,109.449,109.405,109.414,109.411
2018-06-25 22:25:00,USDJPY,109.439,109.395,109.412,109.438
2018-06-25 22:30:00,USDJPY,109.444,109.409,109.439,109.423
2018-06-25 22:35:00,USDJPY,109.462,109.401,109.418,109.443
2018-06-25 22:40:00,USDJPY,109.462,109.434,109.442,109.449
2018-06-25 22:45:00,USDJPY,109.453,109.43,109.45,109.448
2018-06-25 22:50:00,USDJPY,109.465,109.442,109.449,109.449
2018-06-25 22:55:00,USDJPY,109.457,109.414,109.448,109.43
2018-06-25 23:00:00,USDJPY,109.436,109.414,109.431,109.431
2018-06-25 23:05:00,USDJPY,109.456,109.433,109.433,109.441
2018-06-25 23:10:00,USDJPY,109.452,109.405,109.445,109.407
2018-06-25 23:15:00,USDJPY,109.425,109.407,109.407,109.42
2018-06-25 23:20:00,USDJPY,109.436,109.417,109.423,109.435
2018-06-25 23:25:00,USDJPY,109.438,109.429,109.434,109.437
2018-06-25 23:30:00,USDJPY,109.476,109.436,109.436,109.464
2018-06-25 23:35:00,USDJPY,109.478,109.446,109.465,109.45
2018-06-25 23:40:00,USDJPY,109.461,109.438,109.449,109.456
2018-06-25 23:45:00,USDJPY,109.499,109.454,109.454,109.486
2018-06-25 23:50:00,USDJPY,109.503,109.474,109.488,109.484
2018-06-25 23:55:00,USDJPY,109.484,109.458,109.484,109.459
2018-06-26 00:00:00,USDJPY,109.481,109.451,109.459,109.456
2018-06-26 00:05:00,USDJPY,109.465,109.449,109.457,109.454
2018-06-26 00:10:00,USDJPY,109.472,109.442,109.455,109.447
2018-06-26 00:15:00,USDJPY,109.459,109.435,109.448,109.44
2018-06-26 00:20:00,USDJPY,109.439,109.411,109.439,109.417
2018-06-26 00:25:00,USDJPY,109.42,109.4,109.416,109.419
2018-06-26 00:30:00,USDJPY,109.427,109.401,109.42,109.419
2018-06-26 00:35:00,USDJPY,109.424,109.405,109.417,109.422
2018-06-26 00:40:00,USDJPY,109.446,109.421,109.423,109.438
2018-06-26 00:45:00,USDJPY,109.452,109.433,109.439,109.448
2018-06-26 00:50:00,USDJPY,109.466,109.449,109.449,109.458
2018-06-26 00:55:00,USDJPY,109.471,109.453,109.457,109.455
2018-06-26 01:00:00,USDJPY,109.476,109.456,109.456,109.465
2018-06-26 01:05:00,USDJPY,109.514,109.461,109.468,109.514
2018-06-26 01:10:00,USDJPY,109.579,109.515,109.515,109.558
2018-06-26 01:15:00,USDJPY,109.576,109.552,109.557,109.556
2018-06-26 01:20:00,USDJPY,109.582,109.553,109.557,109.561
2018-06-26 01:25:00,USDJPY,109.578,109.544,109.562,109.548
2018-06-26 01:30:00,USDJPY,109.56,109.542,109.551,109.555
2018-06-26 01:35:00,USDJPY,109.572,109.552,109.554,109.569
2018-06-26 01:40:00,USDJPY,109.617,109.567,109.569,109.604
2018-06-26 01:45:00,USDJPY,109.603,109.588,109.603,109.591
2018-06-26 01:50:00,USDJPY,109.603,109.574,109.592,109.577
2018-06-26 01:55:00,USDJPY,109.607,109.576,109.576,109.594
2018-06-26 02:00:00,USDJPY,109.637,109.593,109.593,109.612
2018-06-26 02:05:00,USDJPY,109.615,109.57,109.612,109.577
2018-06-26 02:10:00,USDJPY,109.617,109.575,109.578,109.617
2018-06-26 02:15:00,USDJPY,109.686,109.619,109.619,109.648
2018-06-26 02:20:00,USDJPY,109.656,109.634,109.647,109.652
2018-06-26 02:25:00,USDJPY,109.66,109.629,109.652,109.632
2018-06-26 02:30:00,USDJPY,109.647,109.616,109.631,109.625
2018-06-26 02:35:00,USDJPY,109.645,109.625,109.626,109.64
2018-06-26 02:40:00,USDJPY,109.656,109.626,109.641,109.652
2018-06-26 02:45:00,USDJPY,109.699,109.651,109.651,109.677
2018-06-26 02:50:00,USDJPY,109.724,109.658,109.678,109.713
2018-06-26 02:55:00,USDJPY,109.715,109.686,109.714,109.706
2018-06-26 03:00:00,USDJPY,109.719,109.677,109.705,109.682
2018-06-26 03:05:00,USDJPY,109.701,109.655,109.681,109.656
2018-06-26 03:10:00,USDJPY,109.676,109.645,109.657,109.652
2018-06-26 03:15:00,USDJPY,109.652,109.618,109.652,109.631
2018-06-26 03:20:00,USDJPY,109.655,109.627,109.632,109.644
2018-06-26 03:25:00,USDJPY,109.676,109.642,109.645,109.663
2018-06-26 03:30:00,USDJPY,109.705,109.65,109.662,109.696
2018-06-26 03:35:00,USDJPY,109.7,109.66,109.695,109.669
2018-06-26 03:40:00,USDJPY,109.684,109.647,109.67,109.654
2018-06-26 03:45:00,USDJPY,109.654,109.609,109.653,109.614
2018-06-26 03:50:00,USDJPY,109.629,109.604,109.613,109.605
2018-06-26 03:55:00,USDJPY,109.634,109.597,109.604,109.63
2018-06-26 04:00:00,USDJPY,109.645,109.626,109.631,109.633
2018-06-26 04:05:00,USDJPY,109.647,109.606,109.632,109.639
2018-06-26 04:10:00,USDJPY,109.663,109.621,109.64,109.659
2018-06-26 04:15:00,USDJPY,109.664,109.625,109.658,109.652
2018-06-26 04:20:00,USDJPY,109.707,109.649,109.652,109.706
2018-06-26 04:25:00,USDJPY,109.711,109.687,109.706,109.687
2018-06-26 04:30:00,USDJPY,109.72,109.685,109.686,109.71
2018-06-26 04:35:00,USDJPY,109.709,109.691,109.709,109.701
2018-06-26 04:40:00,USDJPY,109.705,109.668,109.7,109.687
2018-06-26 04:45:00,USDJPY,109.69,109.654,109.687,109.662
2018-06-26 04:50:00,USDJPY,109.679,109.655,109.663,109.655
2018-06-26 04:55:00,USDJPY,109.656,109.633,109.654,109.646
2018-06-26 05:00:00,USDJPY,109.681,109.641,109.645,109.681
2018-06-26 05:05:00,USDJPY,109.699,109.672,109.681,109.672
2018-06-26 05:10:00,USDJPY,109.697,109.663,109.672,109.693
2018-06-26 05:15:00,USDJPY,109.709,109.69,109.695,109.699
2018-06-26 05:20:00,USDJPY,109.8,109.697,109.698,109.793
2018-06-26 05:25:00,USDJPY,109.794,109.755,109.793,109.762
2018-06-26 05:30:00,USDJPY,109.775,109.747,109.763,109.775
2018-06-26 05:35:00,USDJPY,109.781,109.737,109.775,109.738
2018-06-26 05:40:00,USDJPY,109.739,109.71,109.737,109.716
2018-06-26 05:45:00,USDJPY,109.732,109.705,109.716,109.727
2018-06-26 05:50:00,USDJPY,109.738,109.72,109.726,109.731
2018-06-26 05:55:00,USDJPY,109.75,109.718,109.732,109.745
2018-06-26 06:00:00,USDJPY,109.749,109.715,109.744,109.727
2018-06-26 06:05:00,USDJPY,109.736,109.665,109.727,109.671
2018-06-26 06:10:00,USDJPY,109.678,109.633,109.672,109.637
2018-06-26 06:15:00,USDJPY,109.661,109.633,109.635,109.654
2018-06-26 06:20:00,USDJPY,109.67,109.636,109.656,109.648
2018-06-26 06:25:00,USDJPY,109.654,109.623,109.649,109.628
2018-06-26 06:30:00,USDJPY,109.64,109.606,109.629,109.616
2018-06-26 06:35:00,USDJPY,109.644,109.611,109.616,109.64
2018-06-26 06:40:00,USDJPY,109.654,109.627,109.639,109.646
2018-06-26 06:45:00,USDJPY,109.666,109.644,109.647,109.66
2018-06-26 06:50:00,USDJPY,109.678,109.659,109.66,109.675
2018-06-26 06:55:00,USDJPY,109.69,109.663,109.676,109.689
2018-06-26 07:00:00,USDJPY,109.686,109.658,109.686,109.659
2018-06-26 07:05:00,USDJPY,109.662,109.65,109.658,109.653
2018-06-26 07:10:00,USDJPY,109.669,109.648,109.652,109.668
2018-06-26 07:15:00,USDJPY,109.689,109.663,109.669,109.667
2018-06-26 07:20:00,USDJPY,109.68,109.653,109.666,109.657
2018-06-26 07:25:00,USDJPY,109.659,109.623,109.658,109.628
2018-06-26 07:30:00,USDJPY,109.648,109.616,109.629,109.623
2018-06-26 07:35:00,USDJPY,109.633,109.602,109.623,109.603
2018-06-26 07:40:00,USDJPY,109.624,109.576,109.603,109.582
2018-06-26 07:45:00,USDJPY,109.613,109.581,109.581,109.602
2018-06-26 07:50:00,USDJPY,109.607,109.585,109.601,109.601
2018-06-26 07:55:00,USDJPY,109.601,109.556,109.601,109.556
2018-06-26 08:00:00,USDJPY,109.596,109.555,109.555,109.585
2018-06-26 08:05:00,USDJPY,109.616,109.582,109.584,109.61
2018-06-26 08:10:00,USDJPY,109.619,109.603,109.611,109.61
2018-06-26 08:15:00,USDJPY,109.648,109.607,109.608,109.623
2018-06-26 08:20:00,USDJPY,109.627,109.572,109.627,109.608
2018-06-26 08:25:00,USDJPY,109.609,109.582,109.606,109.609
2018-06-26 08:30:00,USDJPY,109.643,109.6,109.608,109.6
2018-06-26 08:35:00,USDJPY,109.662,109.599,109.6,109.657
2018-06-26 08:40:00,USDJPY,109.665,109.632,109.659,109.664
2018-06-26 08:45:00,USDJPY,109.68,109.65,109.664,109.679
2018-06-26 08:50:00,USDJPY,109.696,109.669,109.68,109.671
2018-06-26 08:55:00,USDJPY,109.707,109.669,109.67,109.706
2018-06-26 09:00:00,USDJPY,109.707,109.673,109.707,109.695
2018-06-26 09:05:00,USDJPY,109.726,109.674,109.693,109.706
2018-06-26 09:10:00,USDJPY,109.747,109.707,109.708,109.743
2018-06-26 09:15:00,USDJPY,109.742,109.713,109.742,109.728
2018-06-26 09:20:00,USDJPY,109.759,109.728,109.73,109.752
2018-06-26 09:25:00,USDJPY,109.773,109.743,109.751,109.754
2018-06-26 09:30:00,USDJPY,109.787,109.713,109.754,109.721
2018-06-26 09:35:00,USDJPY,109.722,109.679,109.72,109.708
2018-06-26 09:40:00,USDJPY,109.79,109.706,109.707,109.772
2018-06-26 09:45:00,USDJPY,109.773,109.723,109.773,109.747
2018-06-26 09:50:00,USDJPY,109.754,109.712,109.751,109.728
2018-06-26 09:55:00,USDJPY,109.776,109.726,109.726,109.773
2018-06-26 10:00:00,USDJPY,109.854,109.748,109.771,109.847
2018-06-26 10:05:00,USDJPY,109.861,109.819,109.849,109.821
2018-06-26 10:10:00,USDJPY,109.896,109.817,109.82,109.891
2018-06-26 10:15:00,USDJPY,109.987,109.89,109.89,109.957
2018-06-26 10:20:00,USDJPY,110.043,109.938,109.959,110.004
2018-06-26 10:25:00,USDJPY,110.013,109.968,110.004,109.979
2018-06-26 10:30:00,USDJPY,109.988,109.956,109.979,109.959
2018-06-26 10:35:00,USDJPY,109.966,109.923,109.958,109.953
2018-06-26 10:40:00,USDJPY,109.977,109.938,109.954,109.944
2018-06-26 10:45:00,USDJPY,109.945,109.894,109.943,109.912
2018-06-26 10:50:00,USDJPY,109.922,109.875,109.911,109.875
2018-06-26 10:55:00,USDJPY,109.903,109.87,109.875,109.879
2018-06-26 11:00:00,USDJPY,109.914,109.859,109.878,109.88
2018-06-26 11:05:00,USDJPY,109.89,109.858,109.879,109.871
2018-06-26 11:10:00,USDJPY,109.92,109.87,109.872,109.901
2018-06-26 11:15:00,USDJPY,109.921,109.89,109.901,109.916
2018-06-26 11:20:00,USDJPY,109.936,109.895,109.915,109.914
2018-06-26 11:25:00,USDJPY,109.94,109.887,109.913,109.924
2018-06-26 11:30:00,USDJPY,109.929,109.877,109.925,109.891
2018-06-26 11:35:00,USDJPY,109.92,109.883,109.892,109.915
2018-06-26 11:40:00,USDJPY,109.941,109.907,109.916,109.913
2018-06-26 11:45:00,USDJPY,109.931,109.905,109.913,109.906
2018-06-26 11:50:00,USDJPY,109.952,109.904,109.908,109.926
2018-06-26 11:55:00,USDJPY,109.931,109.912,109.927,109.926
2018-06-26 12:00:00,USDJPY,109.957,109.919,109.925,109.931
2018-06-26 12:05:00,USDJPY,109.964,109.926,109.931,109.956
2018-06-26 12:10:00,USDJPY,109.996,109.949,109.955,109.996
2018-06-26 12:15:00,USDJPY,109.996,109.906,109.995,109.928
2018-06-26 12:20:00,USDJPY,109.936,109.903,109.929,109.906
2018-06-26 12:25:00,USDJPY,109.926,109.894,109.906,109.916
2018-06-26 12:30:00,USDJPY,109.939,109.917,109.917,109.931
2018-06-26 12:35:00,USDJPY,109.968,109.932,109.932,109.954
2018-06-26 12:40:00,USDJPY,110.006,109.948,109.955,109.968
2018-06-26 12:45:00,USDJPY,110.0,109.952,109.968,109.999
2018-06-26 12:50:00,USDJPY,110.024,109.971,110.001,109.977
2018-06-26 12:55:00,USDJPY,110.007,109.953,109.977,109.994
2018-06-26 13:00:00,USDJPY,110.019,109.984,109.994,109.999
2018-06-26 13:05:00,USDJPY,110.034,109.992,109.998,110.025
2018-06-26 13:10:00,USDJPY,110.124,110.025,110.025,110.124
2018-06-26 13:15:00,USDJPY,110.173,110.121,110.124,110.16
2018-06-26 13:20:00,USDJPY,110.184,110.151,110.159,110.165
2018-06-26 13:25:00,USDJPY,110.164,110.118,110.164,110.134
2018-06-26 13:30:00,USDJPY,110.142,110.115,110.133,110.122
2018-06-26 13:35:00,USDJPY,110.157,110.123,110.123,110.141
2018-06-26 13:40:00,USDJPY,110.155,110.126,110.141,110.13
2018-06-26 13:45:00,USDJPY,110.21,110.131,110.131,110.175
2018-06-26 13:50:00,USDJPY,110.178,110.146,110.174,110.169
2018-06-26 13:55:00,USDJPY,110.184,110.152,110.172,110.157
2018-06-26 14:00:00,USDJPY,110.158,110.137,110.158,110.139
2018-06-26 14:05:00,USDJPY,110.153,110.131,110.138,110.143
2018-06-26 14:10:00,USDJPY,110.143,110.116,110.142,110.116
2018-06-26 14:15:00,USDJPY,110.123,110.1,110.114,110.1
2018-06-26 14:20:00,USDJPY,110.114,110.099,110.099,110.11
2018-06-26 14:25:00,USDJPY,110.124,110.107,110.111,110.12
2018-06-26 14:30:00,USDJPY,110.144,110.117,110.12,110.129
2018-06-26 14:35:00,USDJPY,110.145,110.124,110.132,110.142
2018-06-26 14:40:00,USDJPY,110.147,110.126,110.141,110.128
2018-06-26 14:45:00,USDJPY,110.139,110.126,110.129,110.128
2018-06-26 14:50:00,USDJPY,110.15,110.129,110.129,110.149
2018-06-26 14:55:00,USDJPY,110.149,110.11,110.149,110.117
2018-06-26 15:00:00,USDJPY,110.125,110.056,110.119,110.063
2018-06-26 15:05:00,USDJPY,110.068,110.049,110.064,110.058
2018-06-26 15:10:00,USDJPY,110.075,110.055,110.057,110.068
2018-06-26 15:15:00,USDJPY,110.07,110.06,110.069,110.068
2018-06-26 15:20:00,USDJPY,110.081,110.063,110.067,110.075
2018-06-26 15:25:00,USDJPY,110.101,110.078,110.078,110.099
2018-06-26 15:30:00,USDJPY,110.166,110.1,110.1,110.155
2018-06-26 15:35:00,USDJPY,110.186,110.154,110.156,110.172
2018-06-26 15:40:00,USDJPY,110.171,110.143,110.171,110.165
2018-06-26 15:45:00,USDJPY,110.164,110.083,110.164,110.125
2018-06-26 15:50:00,USDJPY,110.149,110.106,110.124,110.146
2018-06-26 15:55:00,USDJPY,110.151,110.104,110.145,110.11
2018-06-26 16:00:00,USDJPY,110.117,110.093,110.111,110.093
2018-06-26 16:05:00,USDJPY,110.093,110.061,110.093,110.081
2018-06-26 16:10:00,USDJPY,110.081,110.055,110.081,110.064
2018-06-26 16:15:00,USDJPY,110.069,110.062,110.065,110.068
2018-06-26 16:20:00,USDJPY,110.069,110.05,110.069,110.051
2018-06-26 16:25:00,USDJPY,110.059,110.05,110.05,110.056
2018-06-26 16:30:00,USDJPY,110.057,110.031,110.055,110.031
2018-06-26 16:35:00,USDJPY,110.051,110.02,110.03,110.05
2018-06-26 16:40:00,USDJPY,110.063,110.043,110.049,110.055
2018-06-26 16:45:00,USDJPY,110.076,110.056,110.056,110.073
2018-06-26 16:50:00,USDJPY,110.074,110.045,110.074,110.046
2018-06-26 16:55:00,USDJPY,110.046,110.001,110.045,110.025
2018-06-26 17:00:00,USDJPY,110.03,110.01,110.01,110.03
2018-06-26 17:05:00,USDJPY,110.038,110.027,110.03,110.028
2018-06-26 17:10:00,USDJPY,110.028,109.998,110.028,109.998
2018-06-26 17:15:00,USDJPY,109.999,109.996,109.998,109.998
2018-06-26 17:20:00,USDJPY,110.005,109.995,109.998,110.0
2018-06-26 17:25:00,USDJPY,110.007,109.998,110.001,110.005
2018-06-26 17:30:00,USDJPY,110.013,109.998,110.004,110.002
2018-06-26 17:35:00,USDJPY,110.014,110.003,110.005,110.012
2018-06-26 17:40:00,USDJPY,110.019,110.008,110.012,110.011
2018-06-26 17:45:00,USDJPY,110.024,110.003,110.012,110.014
2018-06-26 17:50:00,USDJPY,110.026,109.985,110.014,109.999
2018-06-26 17:55:00,USDJPY,110.023,109.992,110.005,110.015
2018-06-26 18:00:00,USDJPY,110.049,110.01,110.011,110.043
2018-06-26 18:05:00,USDJPY,110.049,110.042,110.043,110.049
2018-06-26 18:10:00,USDJPY,110.075,110.05,110.05,110.066
2018-06-26 18:15:00,USDJPY,110.078,110.043,110.067,110.056
2018-06-26 18:20:00,USDJPY,110.064,110.051,110.058,110.051
2018-06-26 18:25:00,USDJPY,110.053,110.043,110.053,110.045
2018-06-26 18:30:00,USDJPY,110.069,110.043,110.043,110.055
2018-06-26 18:35:00,USDJPY,110.055,110.041,110.055,110.053
2018-06-26 18:40:00,USDJPY,110.062,110.042,110.056,110.042
2018-06-26 18:45:00,USDJPY,110.057,110.042,110.043,110.047
2018-06-26 18:50:00,USDJPY,110.051,110.03,110.048,110.049
2018-06-26 18:55:00,USDJPY,110.058,110.05,110.05,110.058
2018-06-26 19:00:00,USDJPY,110.063,110.056,110.057,110.057
2018-06-26 19:05:00,USDJPY,110.064,110.05,110.058,110.061
2018-06-26 19:10:00,USDJPY,110.079,110.06,110.062,110.074
2018-06-26 19:15:00,USDJPY,110.081,110.057,110.073,110.081
2018-06-26 19:20:00,USDJPY,110.099,110.072,110.08,110.098
2018-06-26 19:25:00,USDJPY,110.118,110.091,110.097,110.111
2018-06-26 19:30:00,USDJPY,110.12,110.11,110.112,110.113
2018-06-26 19:35:00,USDJPY,110.119,110.102,110.114,110.115
2018-06-26 19:40:00,USDJPY,110.116,110.09,110.116,110.1
2018-06-26 19:45:00,USDJPY,110.117,110.091,110.102,110.117
2018-06-26 19:50:00,USDJPY,110.133,110.1,110.116,110.113
2018-06-26 19:55:00,USDJPY,110.127,110.091,110.112,110.123
2018-06-26 20:00:00,USDJPY,110.202,110.12,110.124,110.157
2018-06-26 20:05:00,USDJPY,110.159,110.133,110.158,110.144
2018-06-26 20:10:00,USDJPY,110.16,110.122,110.143,110.128
2018-06-26 20:15:00,USDJPY,110.154,110.124,110.128,110.148
2018-06-26 20:20:00,USDJPY,110.161,110.086,110.147,110.106
2018-06-26 20:25:00,USDJPY,110.106,110.07,110.104,110.073
2018-06-26 20:30:00,USDJPY,110.074,110.031,110.072,110.039
2018-06-26 20:35:00,USDJPY,110.059,110.032,110.038,110.055
2018-06-26 20:40:00,USDJPY,110.073,110.041,110.056,110.073
2018-06-26 20:45:00,USDJPY,110.095,110.045,110.072,110.092
2018-06-26 20:50:00,USDJPY,110.093,109.899,110.093,109.907
2018-06-26 20:55:00,USDJPY,109.946,109.891,109.906,109.933
2018-06-26 21:00:00,USDJPY,109.946,109.886,109.935,109.943
2018-06-26 21:05:00,USDJPY,109.948,109.92,109.942,109.94
2018-06-26 21:10:00,USDJPY,109.954,109.903,109.939,109.951
2018-06-26 21:15:00,USDJPY,109.956,109.886,109.948,109.899
2018-06-26 21:20:00,USDJPY,109.914,109.869,109.898,109.903
2018-06-26 21:25:00,USDJPY,109.929,109.881,109.902,109.905
2018-06-26 21:30:00,USDJPY,109.92,109.84,109.906,109.914
2018-06-26 21:35:00,USDJPY,109.917,109.881,109.912,109.897
2018-06-26 21:40:00,USDJPY,109.926,109.866,109.898,109.867
2018-06-26 21:45:00,USDJPY,109.866,109.769,109.866,109.797
2018-06-26 21:50:00,USDJPY,109.839,109.784,109.798,109.821
2018-06-26 21:55:00,USDJPY,109.847,109.798,109.822,109.828
2018-06-26 22:00:00,USDJPY,109.87,109.799,109.829,109.865
2018-06-26 22:05:00,USDJPY,109.876,109.844,109.868,109.85
2018-06-26 22:10:00,USDJPY,109.874,109.846,109.851,109.846
2018-06-26 22:15:00,USDJPY,109.897,109.847,109.847,109.893
2018-06-26 22:20:00,USDJPY,109.912,109.886,109.893,109.894
2018-06-26 22:25:00,USDJPY,109.899,109.866,109.898,109.874
2018-06-26 22:30:00,USDJPY,109.915,109.875,109.875,109.906
2018-06-26 22:35:00,USDJPY,109.943,109.886,109.907,109.935
2018-06-26 22:40:00,USDJPY,109.941,109.923,109.936,109.936
2018-06-26 22:45:00,USDJPY,109.94,109.912,109.938,109.913
2018-06-26 22:50:00,USDJPY,109.922,109.894,109.914,109.907
2018-06-26 22:55:00,USDJPY,109.926,109.885,109.907,109.893
2018-06-26 23:00:00,USDJPY,109.898,109.867,109.894,109.88
2018-06-26 23:05:00,USDJPY,109.95,109.875,109.878,109.95
2018-06-26 23:10:00,USDJPY,109.95,109.893,109.95,109.917
2018-06-26 23:15:00,USDJPY,109.916,109.887,109.916,109.904
2018-06-26 23:20:00,USDJPY,109.909,109.896,109.907,109.899
2018-06-26 23:25:00,USDJPY,109.915,109.885,109.898,109.913
2018-06-26 23:30:00,USDJPY,109.932,109.906,109.912,109.916
2018-06-26 23:35:00,USDJPY,109.93,109.893,109.917,109.899
2018-06-26 23:40:00,USDJPY,109.918,109.893,109.902,109.899
2018-06-26 23:45:00,USDJPY,109.907,109.891,109.898,109.894
2018-06-26 23:50:00,USDJPY,109.906,109.883,109.895,109.89
2018-06-26 23:55:00,USDJPY,109.901,109.865,109.891,109.895
2018-06-27 00:00:00,USDJPY,109.907,109.886,109.896,109.901
2018-06-27 00:05:00,USDJPY,109.91,109.897,109.899,109.908
2018-06-27 00:10:00,USDJPY,109.911,109.901,109.906,109.901
2018-06-27 00:15:00,USDJPY,109.948,109.902,109.902,109.947
2018-06-27 00:20:00,USDJPY,109.948,109.937,109.948,109.944
2018-06-27 00:25:00,USDJPY,109.951,109.943,109.943,109.946
2018-06-27 00:30:00,USDJPY,109.967,109.944,109.949,109.958
2018-06-27 00:35:00,USDJPY,110.002,109.952,109.958,109.983
2018-06-27 00:40:00,USDJPY,109.988,109.965,109.984,109.97
2018-06-27 00:45:00,USDJPY,109.985,109.959,109.97,109.983
2018-06-27 00:50:00,USDJPY,109.994,109.984,109.984,109.984
2018-06-27 00:55:00,USDJPY,109.991,109.969,109.986,109.986
2018-06-27 01:00:00,USDJPY,110.006,109.966,109.988,109.966
2018-06-27 01:05:00,USDJPY,109.968,109.944,109.967,109.952
2018-06-27 01:10:00,USDJPY,109.988,109.944,109.951,109.959
2018-06-27 01:15:00,USDJPY,109.957,109.924,109.957,109.931
2018-06-27 01:20:00,USDJPY,109.945,109.925,109.93,109.936
2018-06-27 01:25:00,USDJPY,109.942,109.916,109.934,109.927
2018-06-27 01:30:00,USDJPY,109.939,109.908,109.926,109.923
2018-06-27 01:35:00,USDJPY,109.931,109.915,109.924,109.921
2018-06-27 01:40:00,USDJPY,109.933,109.913,109.924,109.918
2018-06-27 01:45:00,USDJPY,109.92,109.906,109.919,109.915
2018-06-27 01:50:00,USDJPY,109.921,109.899,109.916,109.901
2018-06-27 01:55:00,USDJPY,109.914,109.861,109.9,109.862
2018-06-27 02:00:00,USDJPY,109.882,109.835,109.864,109.845
2018-06-27 02:05:00,USDJPY,109.879,109.836,109.845,109.853
2018-06-27 02:10:00,USDJPY,109.871,109.843,109.853,109.87
2018-06-27 02:15:00,USDJPY,109.902,109.865,109.871,109.895
2018-06-27 02:20:00,USDJPY,109.911,109.878,109.896,109.908
2018-06-27 02:25:00,USDJPY,109.937,109.902,109.908,109.929
2018-06-27 02:30:00,USDJPY,109.93,109.873,109.929,109.878
2018-06-27 02:35:00,USDJPY,109.882,109.855,109.878,109.866
2018-06-27 02:40:00,USDJPY,109.865,109.822,109.864,109.825
2018-06-27 02:45:00,USDJPY,109.835,109.802,109.824,109.81
2018-06-27 02:50:00,USDJPY,109.839,109.808,109.809,109.829
2018-06-27 02:55:00,USDJPY,109.855,109.83,109.83,109.84
2018-06-27 03:00:00,USDJPY,109.85,109.785,109.836,109.798
2018-06-27 03:05:00,USDJPY,109.812,109.757,109.798,109.76
2018-06-27 03:10:00,USDJPY,109.789,109.744,109.765,109.767
2018-06-27 03:15:00,USDJPY,109.796,109.76,109.768,109.78
2018-06-27 03:20:00,USDJPY,109.79,109.731,109.782,109.764
2018-06-27 03:25:00,USDJPY,109.775,109.747,109.763,109.769
2018-06-27 03:30:00,USDJPY,109.811,109.737,109.768,109.806
2018-06-27 03:35:00,USDJPY,109.811,109.776,109.806,109.779
2018-06-27 03:40:00,USDJPY,109.783,109.738,109.778,109.742
2018-06-27 03:45:00,USDJPY,109.751,109.683,109.744,109.707
2018-06-27 03:50:00,USDJPY,109.733,109.684,109.708,109.708
2018-06-27 03:55:00,USDJPY,109.735,109.7,109.707,109.727
2018-06-27 04:00:00,USDJPY,109.753,109.72,109.728,109.739
2018-06-27 04:05:00,USDJPY,109.756,109.714,109.74,109.738
2018-06-27 04:10:00,USDJPY,109.768,109.719,109.741,109.759
2018-06-27 04:15:00,USDJPY,109.82,109.74,109.758,109.808
2018-06-27 04:20:00,USDJPY,109.811,109.776,109.809,109.798
2018-06-27 04:25:00,USDJPY,109.838,109.784,109.799,109.784
2018-06-27 04:30:00,USDJPY,109.799,109.746,109.783,109.792
2018-06-27 04:35:00,USDJPY,109.825,109.784,109.791,109.818
2018-06-27 04:40:00,USDJPY,109.845,109.775,109.817,109.83
2018-06-27 04:45:00,USDJPY,109.83,109.756,109.83,109.759
2018-06-27 04:50:00,USDJPY,109.767,109.732,109.758,109.742
2018-06-27 04:55:00,USDJPY,109.783,109.741,109.742,109.774
2018-06-27 05:00:00,USDJPY,109.807,109.76,109.774,109.802
2018-06-27 05:05:00,USDJPY,109.815,109.795,109.797,109.813
2018-06-27 05:10:00,USDJPY,109.849,109.807,109.812,109.837
2018-06-27 05:15:00,USDJPY,109.848,109.823,109.837,109.837
2018-06-27 05:20:00,USDJPY,109.846,109.824,109.836,109.829
2018-06-27 05:25:00,USDJPY,109.84,109.802,109.83,109.838
2018-06-27 05:30:00,USDJPY,109.888,109.835,109.836,109.841
2018-06-27 05:35:00,USDJPY,109.874,109.829,109.841,109.838
2018-06-27 05:40:00,USDJPY,109.856,109.836,109.839,109.853
2018-06-27 05:45:00,USDJPY,109.873,109.851,109.852,109.859
2018-06-27 05:50:00,USDJPY,109.876,109.843,109.859,109.854
2018-06-27 05:55:00,USDJPY,109.897,109.855,109.855,109.884
2018-06-27 06:00:00,USDJPY,109.909,109.876,109.884,109.883
2018-06-27 06:05:00,USDJPY,109.891,109.867,109.884,109.878
2018-06-27 06:10:00,USDJPY,109.89,109.868,109.878,109.877
2018-06-27 06:15:00,USDJPY,109.897,109.87,109.876,109.872
2018-06-27 06:20:00,USDJPY,109.874,109.833,109.873,109.837
2018-06-27 06:25:00,USDJPY,109.863,109.838,109.838,109.848
2018-06-27 06:30:00,USDJPY,109.859,109.834,109.847,109.839
2018-06-27 06:35:00,USDJPY,109.843,109.818,109.838,109.836
2018-06-27 06:40:00,USDJPY,109.851,109.822,109.835,109.829
2018-06-27 06:45:00,USDJPY,109.835,109.808,109.829,109.813
2018-06-27 06:50:00,USDJPY,109.852,109.813,109.813,109.847
2018-06-27 06:55:00,USDJPY,109.866,109.843,109.847,109.86
2018-06-27 07:00:00,USDJPY,109.874,109.849,109.861,109.868
2018-06-27 07:05:00,USDJPY,109.905,109.861,109.867,109.898
2018-06-27 07:10:00,USDJPY,109.924,109.898,109.899,109.916
2018-06-27 07:15:00,USDJPY,109.942,109.912,109.915,109.933
2018-06-27 07:20:00,USDJPY,109.951,109.934,109.935,109.936
2018-06-27 07:25:00,USDJPY,109.94,109.92,109.936,109.927
2018-06-27 07:30:00,USDJPY,109.949,109.929,109.932,109.946
2018-06-27 07:35:00,USDJPY,109.981,109.944,109.945,109.979
2018-06-27 07:40:00,USDJPY,109.994,109.974,109.978,109.978
2018-06-27 07:45:00,USDJPY,110.347,109.972,109.977,110.216
2018-06-27 07:50:00,USDJPY,110.254,110.163,110.215,110.171
2018-06-27 07:55:00,USDJPY,110.21,110.158,110.17,110.185
2018-06-27 08:00:00,USDJPY,110.197,110.14,110.192,110.161
2018-06-27 08:05:00,USDJPY,110.25,110.161,110.165,110.237
2018-06-27 08:10:00,USDJPY,110.28,110.219,110.238,110.26
2018-06-27 08:15:00,USDJPY,110.262,110.213,110.259,110.224
2018-06-27 08:20:00,USDJPY,110.234,110.169,110.225,110.186
2018-06-27 08:25:00,USDJPY,110.207,110.159,110.188,110.173
2018-06-27 08:30:00,USDJPY,110.309,110.163,110.173,110.309
2018-06-27 08:35:00,USDJPY,110.314,110.259,110.307,110.291
2018-06-27 08:40:00,USDJPY,110.292,110.22,110.292,110.226
2018-06-27 08:45:00,USDJPY,110.239,110.18,110.226,110.19
2018-06-27 08:50:00,USDJPY,110.245,110.189,110.189,110.198
2018-06-27 08:55:00,USDJPY,110.249,110.198,110.199,110.246
2018-06-27 09:00:00,USDJPY,110.318,110.247,110.247,110.276
2018-06-27 09:05:00,USDJPY,110.294,110.245,110.28,110.256
2018-06-27 09:10:00,USDJPY,110.296,110.244,110.255,110.296
2018-06-27 09:15:00,USDJPY,110.382,110.278,110.295,110.359
2018-06-27 09:20:00,USDJPY,110.376,110.33,110.357,110.357
2018-06-27 09:25:00,USDJPY,110.384,110.35,110.356,110.356
2018-06-27 09:30:00,USDJPY,110.369,110.331,110.355,110.349
2018-06-27 09:35:00,USDJPY,110.373,110.307,110.345,110.307
2018-06-27 09:40:00,USDJPY,110.364,110.309,110.309,110.356
2018-06-27 09:45:00,USDJPY,110.426,110.357,110.357,110.415
2018-06-27 09:50:00,USDJPY,110.432,110.368,110.414,110.385
2018-06-27 09:55:00,USDJPY,110.42,110.363,110.385,110.41
2018-06-27 10:00:00,USDJPY,110.412,110.351,110.409,110.362
2018-06-27 10:05:00,USDJPY,110.38,110.356,110.362,110.372
2018-06-27 10:10:00,USDJPY,110.42,110.371,110.371,110.404
2018-06-27 10:15:00,USDJPY,110.423,110.392,110.405,110.398
2018-06-27 10:20:00,USDJPY,110.398,110.364,110.396,110.367
2018-06-27 10:25:00,USDJPY,110.399,110.359,110.371,110.368
2018-06-27 10:30:00,USDJPY,110.418,110.364,110.366,110.385
2018-06-27 10:35:00,USDJPY,110.446,110.379,110.381,110.436
2018-06-27 10:40:00,USDJPY,110.442,110.421,110.437,110.431
2018-06-27 10:45:00,USDJPY,110.438,110.399,110.432,110.406
2018-06-27 10:50:00,USDJPY,110.419,110.393,110.407,110.411
2018-06-27 10:55:00,USDJPY,110.481,110.405,110.412,110.481
2018-06-27 11:00:00,USDJPY,110.487,110.382,110.48,110.402
2018-06-27 11:05:00,USDJPY,110.425,110.298,110.402,110.391
2018-06-27 11:10:00,USDJPY,110.399,110.341,110.392,110.358
2018-06-27 11:15:00,USDJPY,110.397,110.355,110.355,110.389
2018-06-27 11:20:00,USDJPY,110.42,110.38,110.388,110.396
2018-06-27 11:25:00,USDJPY,110.409,110.323,110.395,110.327
2018-06-27 11:30:00,USDJPY,110.38,110.31,110.329,110.377
2018-06-27 11:35:00,USDJPY,110.399,110.369,110.375,110.387
2018-06-27 11:40:00,USDJPY,110.398,110.363,110.386,110.393
2018-06-27 11:45:00,USDJPY,110.415,110.389,110.392,110.409
2018-06-27 11:50:00,USDJPY,110.419,110.364,110.407,110.373
2018-06-27 11:55:00,USDJPY,110.377,110.335,110.372,110.34
2018-06-27 12:00:00,USDJPY,110.368,110.331,110.34,110.357
2018-06-27 12:05:00,USDJPY,110.379,110.35,110.359,110.378
2018-06-27 12:10:00,USDJPY,110.406,110.374,110.377,110.404
2018-06-27 12:15:00,USDJPY,110.433,110.38,110.405,110.42
2018-06-27 12:20:00,USDJPY,110.422,110.394,110.422,110.402
2018-06-27 12:25:00,USDJPY,110.401,110.375,110.401,110.38
2018-06-27 12:30:00,USDJPY,110.389,110.361,110.381,110.364
2018-06-27 12:35:00,USDJPY,110.374,110.331,110.363,110.333
2018-06-27 12:40:00,USDJPY,110.374,110.327,110.336,110.344
2018-06-27 12:45:00,USDJPY,110.348,110.32,110.345,110.335
2018-06-27 12:50:00,USDJPY,110.355,110.309,110.341,110.309
2018-06-27 12:55:00,USDJPY,110.366,110.309,110.309,110.346
2018-06-27 13:00:00,USDJPY,110.371,110.32,110.345,110.325
2018-06-27 13:05:00,USDJPY,110.324,110.254,110.324,110.26
2018-06-27 13:10:00,USDJPY,110.268,110.217,110.26,110.22
2018-06-27 13:15:00,USDJPY,110.226,110.185,110.219,110.197
2018-06-27 13:20:00,USDJPY,110.246,110.198,110.198,110.203
2018-06-27 13:25:00,USDJPY,110.237,110.204,110.204,110.225
2018-06-27 13:30:00,USDJPY,110.246,110.181,110.225,110.245
2018-06-27 13:35:00,USDJPY,110.246,110.211,110.246,110.227
2018-06-27 13:40:00,USDJPY,110.269,110.217,110.228,110.248
2018-06-27 13:45:00,USDJPY,110.255,110.205,110.249,110.211
2018-06-27 13:50:00,USDJPY,110.254,110.212,110.212,110.23
2018-06-27 13:55:00,USDJPY,110.275,110.217,110.229,110.249
2018-06-27 14:00:00,USDJPY,110.259,110.224,110.249,110.243
2018-06-27 14:05:00,USDJPY,110.258,110.235,110.243,110.235
2018-06-27 14:10:00,USDJPY,110.242,110.205,110.232,110.206
2018-06-27 14:15:00,USDJPY,110.206,110.173,110.206,110.183
2018-06-27 14:20:00,USDJPY,110.204,110.173,110.184,110.182
2018-06-27 14:25:00,USDJPY,110.199,110.168,110.181,110.169
2018-06-27 14:30:00,USDJPY,110.193,110.143,110.168,110.164
2018-06-27 14:35:00,USDJPY,110.211,110.165,110.165,110.21
2018-06-27 14:40:00,USDJPY,110.23,110.209,110.211,110.22
2018-06-27 14:45:00,USDJPY,110.242,110.215,110.219,110.22
2018-06-27 14:50:00,USDJPY,110.221,110.194,110.22,110.194
2018-06-27 14:55:00,USDJPY,110.209,110.181,110.195,110.207
2018-06-27 15:00:00,USDJPY,110.25,110.196,110.208,110.244
2018-06-27 15:05:00,USDJPY,110.26,110.231,110.244,110.231
2018-06-27 15:10:00,USDJPY,110.252,110.226,110.231,110.252
2018-06-27 15:15:00,USDJPY,110.315,110.246,110.254,110.249
2018-06-27 15:20:00,USDJPY,110.265,110.234,110.251,110.259
2018-06-27 15:25:00,USDJPY,110.327,110.259,110.259,110.321
2018-06-27 15:30:00,USDJPY,110.326,110.294,110.32,110.307
2018-06-27 15:35:00,USDJPY,110.328,110.298,110.305,110.328
2018-06-27 15:40:00,USDJPY,110.34,110.314,110.328,110.332
2018-06-27 15:45:00,USDJPY,110.331,110.283,110.331,110.285
2018-06-27 15:50:00,USDJPY,110.313,110.253,110.284,110.284
2018-06-27 15:55:00,USDJPY,110.306,110.251,110.283,110.256
2018-06-27 16:00:00,USDJPY,110.281,110.259,110.26,110.271
2018-06-27 16:05:00,USDJPY,110.27,110.238,110.27,110.247
2018-06-27 16:10:00,USDJPY,110.252,110.22,110.246,110.222
2018-06-27 16:15:00,USDJPY,110.236,110.223,110.223,110.223
2018-06-27 16:20:00,USDJPY,110.225,110.22,110.222,110.224
2018-06-27 16:25:00,USDJPY,110.241,110.221,110.223,110.235
2018-06-27 16:30:00,USDJPY,110.258,110.233,110.236,110.255
2018-06-27 16:35:00,USDJPY,110.272,110.254,110.255,110.272
2018-06-27 16:40:00,USDJPY,110.288,110.272,110.273,110.283
2018-06-27 16:45:00,USDJPY,110.29,110.271,110.282,110.284
2018-06-27 16:50:00,USDJPY,110.285,110.259,110.284,110.27
2018-06-27 16:55:00,USDJPY,110.27,110.249,110.267,110.254
2018-06-27 17:00:00,USDJPY,110.254,110.198,110.254,110.213
2018-06-27 17:05:00,USDJPY,110.234,110.202,110.203,110.205
2018-06-27 17:10:00,USDJPY,110.238,110.195,110.198,110.214
2018-06-27 17:15:00,USDJPY,110.229,110.13,110.214,110.199
2018-06-27 17:20:00,USDJPY,110.216,110.123,110.197,110.184
2018-06-27 17:25:00,USDJPY,110.202,110.169,110.182,110.198
2018-06-27 17:30:00,USDJPY,110.215,110.149,110.198,110.192
2018-06-27 17:35:00,USDJPY,110.202,110.182,110.193,110.196
2018-06-27 17:40:00,USDJPY,110.222,110.189,110.196,110.219
2018-06-27 17:45:00,USDJPY,110.236,110.205,110.22,110.235
2018-06-27 17:50:00,USDJPY,110.234,110.197,110.234,110.209
2018-06-27 17:55:00,USDJPY,110.23,110.203,110.209,110.228
2018-06-27 18:00:00,USDJPY,110.261,110.214,110.228,110.259
2018-06-27 18:05:00,USDJPY,110.27,110.25,110.256,110.262
2018-06-27 18:10:00,USDJPY,110.274,110.253,110.263,110.256
2018-06-27 18:15:00,USDJPY,110.266,110.255,110.257,110.259
2018-06-27 18:20:00,USDJPY,110.261,110.25,110.259,110.26
2018-06-27 18:25:00,USDJPY,110.266,110.257,110.259,110.257
2018-06-27 18:30:00,USDJPY,110.266,110.249,110.258,110.266
2018-06-27 18:35:00,USDJPY,110.276,110.258,110.265,110.272
2018-06-27 18:40:00,USDJPY,110.274,110.243,110.273,110.244
2018-06-27 18:45:00,USDJPY,110.252,110.244,110.244,110.252
2018-06-27 18:50:00,USDJPY,110.252,110.23,110.251,110.23
2018-06-27 18:55:00,USDJPY,110.237,110.226,110.231,110.23
2018-06-27 19:00:00,USDJPY,110.239,110.225,110.229,110.238
2018-06-27 19:05:00,USDJPY,110.255,110.237,110.239,110.243
2018-06-27 19:10:00,USDJPY,110.251,110.24,110.243,110.249
2018-06-27 19:15:00,USDJPY,110.268,110.249,110.25,110.25
2018-06-27 19:20:00,USDJPY,110.252,110.243,110.249,110.246
2018-06-27 19:25:00,USDJPY,110.285,110.247,110.247,110.284
2018-06-27 19:30:00,USDJPY,110.285,110.264,110.284,110.265
2018-06-27 19:35:00,USDJPY,110.264,110.217,110.264,110.217
2018-06-27 19:40:00,USDJPY,110.225,110.205,110.219,110.206
2018-06-27 19:45:00,USDJPY,110.225,110.205,110.205,110.223
2018-06-27 19:50:00,USDJPY,110.254,110.218,110.224,110.249
2018-06-27 19:55:00,USDJPY,110.254,110.212,110.248,110.218
2018-06-27 20:00:00,USDJPY,110.241,110.197,110.22,110.218
2018-06-27 20:05:00,USDJPY,110.29,110.183,110.217,110.184
2018-06-27 20:10:00,USDJPY,110.185,110.062,110.184,110.071
2018-06-27 20:15:00,USDJPY,110.084,110.02,110.073,110.044
2018-06-27 20:20:00,USDJPY,110.055,110.005,110.043,110.009
2018-06-27 20:25:00,USDJPY,110.084,110.01,110.01,110.073
2018-06-27 20:30:00,USDJPY,110.078,110.042,110.076,110.076
2018-06-27 20:35:00,USDJPY,110.093,110.027,110.072,110.032
2018-06-27 20:40:00,USDJPY,110.053,110.008,110.033,110.046
2018-06-27 20:45:00,USDJPY,110.049,109.97,110.047,109.975
2018-06-27 20:50:00,USDJPY,110.013,109.965,109.976,109.996
2018-06-27 20:55:00,USDJPY,110.039,109.98,109.99,110.034
2018-06-27 21:00:00,USDJPY,110.046,110.004,110.036,110.026
2018-06-27 21:05:00,USDJPY,110.085,110.026,110.027,110.069
2018-06-27 21:10:00,USDJPY,110.094,110.059,110.07,110.087
2018-06-27 21:15:00,USDJPY,110.1,110.054,110.088,110.067
2018-06-27 21:20:00,USDJPY,110.071,110.033,110.07,110.056
2018-06-27 21:25:00,USDJPY,110.143,110.049,110.059,110.136
2018-06-27 21:30:00,USDJPY,110.141,110.099,110.135,110.103
2018-06-27 21:35:00,USDJPY,110.121,110.054,110.104,110.106
2018-06-27 21:40:00,USDJPY,110.137,110.09,110.107,110.134
2018-06-27 21:45:00,USDJPY,110.166,110.122,110.135,110.122
2018-06-27 21:50:00,USDJPY,110.134,110.105,110.121,110.115
2018-06-27 21:55:00,USDJPY,110.152,110.096,110.116,110.132
2018-06-27 22:00:00,USDJPY,110.177,110.127,110.133,110.156
2018-06-27 22:05:00,USDJPY,110.172,110.127,110.158,110.129
2018-06-27 22:10:00,USDJPY,110.129,110.102,110.127,110.116
2018-06-27 22:15:00,USDJPY,110.139,110.113,110.118,110.118
2018-06-27 22:20:00,USDJPY,110.131,110.083,110.119,110.089
2018-06-27 22:25:00,USDJPY,110.124,110.089,110.091,110.108
2018-06-27 22:30:00,USDJPY,110.12,110.098,110.11,110.12
2018-06-27 22:35:00,USDJPY,110.122,110.103,110.118,110.116
2018-06-27 22:40:00,USDJPY,110.15,110.115,110.116,110.148
2018-06-27 22:45:00,USDJPY,110.162,110.144,110.149,110.15
2018-06-27 22:50:00,USDJPY,110.168,110.145,110.149,110.163
2018-06-27 22:55:00,USDJPY,110.172,110.149,110.161,110.154
2018-06-27 23:00:00,USDJPY,110.188,110.151,110.155,110.168
2018-06-27 23:05:00,USDJPY,110.175,110.16,110.169,110.165
2018-06-27 23:10:00,USDJPY,110.18,110.162,110.166,110.167
2018-06-27 23:15:00,USDJPY,110.175,110.159,110.168,110.165
2018-06-27 23:20:00,USDJPY,110.166,110.137,110.165,110.158
2018-06-27 23:25:00,USDJPY,110.167,110.151,110.157,110.157
2018-06-27 23:30:00,USDJPY,110.194,110.158,110.158,110.188
2018-06-27 23:35:00,USDJPY,110.2,110.184,110.187,110.193
2018-06-27 23:40:00,USDJPY,110.199,110.183,110.192,110.19
2018-06-27 23:45:00,USDJPY,110.24,110.186,110.19,110.209
2018-06-27 23:50:00,USDJPY,110.232,110.21,110.21,110.218
2018-06-27 23:55:00,USDJPY,110.23,110.199,110.217,110.21
2018-06-28 00:00:00,USDJPY,110.236,110.208,110.209,110.231
2018-06-28 00:05:00,USDJPY,110.231,110.22,110.23,110.225
2018-06-28 00:10:00,USDJPY,110.302,110.224,110.226,110.277
2018-06-28 00:15:00,USDJPY,110.287,110.262,110.278,110.28
2018-06-28 00:20:00,USDJPY,110.288,110.268,110.282,110.272
2018-06-28 00:25:00,USDJPY,110.314,110.27,110.272,110.295
2018-06-28 00:30:00,USDJPY,110.314,110.29,110.295,110.293
2018-06-28 00:35:00,USDJPY,110.309,110.274,110.292,110.291
2018-06-28 00:40:00,USDJPY,110.3,110.282,110.292,110.282
2018-06-28 00:45:00,USDJPY,110.294,110.277,110.281,110.278
2018-06-28 00:50:00,USDJPY,110.289,110.268,110.278,110.27
2018-06-28 00:55:00,USDJPY,110.302,110.268,110.269,110.29
2018-06-28 01:00:00,USDJPY,110.327,110.292,110.292,110.321
2018-06-28 01:05:00,USDJPY,110.346,110.317,110.321,110.33
2018-06-28 01:10:00,USDJPY,110.331,110.319,110.33,110.33
2018-06-28 01:15:00,USDJPY,110.331,110.285,110.33,110.286
2018-06-28 01:20:00,USDJPY,110.296,110.284,110.287,110.286
2018-06-28 01:25:00,USDJPY,110.295,110.274,110.287,110.289
2018-06-28 01:30:00,USDJPY,110.307,110.286,110.29,110.299
2018-06-28 01:35:00,USDJPY,110.311,110.286,110.298,110.288
2018-06-28 01:40:00,USDJPY,110.3,110.268,110.287,110.269
2018-06-28 01:45:00,USDJPY,110.275,110.231,110.27,110.273
2018-06-28 01:50:00,USDJPY,110.296,110.263,110.275,110.292
2018-06-28 01:55:00,USDJPY,110.293,110.247,110.293,110.247
2018-06-28 02:00:00,USDJPY,110.293,110.237,110.248,110.292
2018-06-28 02:05:00,USDJPY,110.296,110.249,110.293,110.252
2018-06-28 02:10:00,USDJPY,110.261,110.23,110.253,110.231
2018-06-28 02:15:00,USDJPY,110.254,110.23,110.231,110.252
2018-06-28 02:20:00,USDJPY,110.292,110.25,110.253,110.29
2018-06-28 02:25:00,USDJPY,110.321,110.285,110.289,110.305
2018-06-28 02:30:00,USDJPY,110.342,110.303,110.304,110.335
2018-06-28 02:35:00,USDJPY,110.369,110.322,110.334,110.356
2018-06-28 02:40:00,USDJPY,110.401,110.355,110.355,110.379
2018-06-28 02:45:00,USDJPY,110.386,110.353,110.378,110.364
2018-06-28 02:50:00,USDJPY,110.366,110.344,110.366,110.354
2018-06-28 02:55:00,USDJPY,110.368,110.341,110.355,110.352
2018-06-28 03:00:00,USDJPY,110.388,110.342,110.351,110.344
2018-06-28 03:05:00,USDJPY,110.383,110.335,110.342,110.354
2018-06-28 03:10:00,USDJPY,110.382,110.347,110.355,110.372
2018-06-28 03:15:00,USDJPY,110.416,110.345,110.371,110.41
2018-06-28 03:20:00,USDJPY,110.417,110.383,110.41,110.392
2018-06-28 03:25:00,USDJPY,110.4,110.37,110.393,110.376
2018-06-28 03:30:00,USDJPY,110.387,110.347,110.375,110.355
2018-06-28 03:35:00,USDJPY,110.371,110.309,110.356,110.318
2018-06-28 03:40:00,USDJPY,110.326,110.296,110.319,110.326
2018-06-28 03:45:00,USDJPY,110.348,110.317,110.326,110.348
2018-06-28 03:50:00,USDJPY,110.347,110.316,110.347,110.32
2018-06-28 03:55:00,USDJPY,110.333,110.312,110.32,110.333
2018-06-28 04:00:00,USDJPY,110.361,110.321,110.332,110.337
2018-06-28 04:05:00,USDJPY,110.361,110.317,110.338,110.36
2018-06-28 04:10:00,USDJPY,110.376,110.328,110.361,110.346
2018-06-28 04:15:00,USDJPY,110.349,110.328,110.347,110.34
2018-06-28 04:20:00,USDJPY,110.359,110.331,110.339,110.347
2018-06-28 04:25:00,USDJPY,110.398,110.346,110.346,110.386
2018-06-28 04:30:00,USDJPY,110.407,110.372,110.387,110.377
2018-06-28 04:35:00,USDJPY,110.39,110.341,110.377,110.347
2018-06-28 04:40:00,USDJPY,110.359,110.31,110.346,110.318
2018-06-28 04:45:00,USDJPY,110.321,110.296,110.318,110.306
2018-06-28 04:50:00,USDJPY,110.342,110.295,110.305,110.336
2018-06-28 04:55:00,USDJPY,110.349,110.301,110.337,110.303
2018-06-28 05:00:00,USDJPY,110.323,110.273,110.304,110.275
2018-06-28 05:05:00,USDJPY,110.31,110.276,110.276,110.31
2018-06-28 05:10:00,USDJPY,110.324,110.295,110.311,110.298
2018-06-28 05:15:00,USDJPY,110.317,110.289,110.297,110.304
2018-06-28 05:20:00,USDJPY,110.312,110.286,110.303,110.291
2018-06-28 05:25:00,USDJPY,110.292,110.258,110.292,110.263
2018-06-28 05:30:00,USDJPY,110.267,110.241,110.262,110.252
2018-06-28 05:35:00,USDJPY,110.268,110.24,110.251,110.263
2018-06-28 05:40:00,USDJPY,110.262,110.236,110.262,110.254
2018-06-28 05:45:00,USDJPY,110.263,110.233,110.255,110.241
2018-06-28 05:50:00,USDJPY,110.242,110.204,110.242,110.207
2018-06-28 05:55:00,USDJPY,110.221,110.192,110.206,110.22
2018-06-28 06:00:00,USDJPY,110.239,110.215,110.219,110.233
2018-06-28 06:05:00,USDJPY,110.235,110.196,110.231,110.206
2018-06-28 06:10:00,USDJPY,110.232,110.207,110.207,110.23
2018-06-28 06:15:00,USDJPY,110.247,110.224,110.229,110.241
2018-06-28 06:20:00,USDJPY,110.259,110.24,110.24,110.25
2018-06-28 06:25:00,USDJPY,110.253,110.23,110.25,110.244
2018-06-28 06:30:00,USDJPY,110.244,110.201,110.244,110.21
2018-06-28 06:35:00,USDJPY,110.226,110.203,110.21,110.223
2018-06-28 06:40:00,USDJPY,110.259,110.22,110.222,110.238
2018-06-28 06:45:00,USDJPY,110.258,110.235,110.239,110.253
2018-06-28 06:50:00,USDJPY,110.252,110.217,110.252,110.217
2018-06-28 06:55:00,USDJPY,110.216,110.167,110.216,110.186
2018-06-28 07:00:00,USDJPY,110.226,110.184,110.187,110.22
2018-06-28 07:05:00,USDJPY,110.225,110.18,110.219,110.192
2018-06-28 07:10:00,USDJPY,110.228,110.189,110.191,110.224
2018-06-28 07:15:00,USDJPY,110.238,110.217,110.224,110.218
2018-06-28 07:20:00,USDJPY,110.241,110.217,110.217,110.234
2018-06-28 07:25:00,USDJPY,110.237,110.209,110.233,110.213
2018-06-28 07:30:00,USDJPY,110.232,110.212,110.214,110.224
2018-06-28 07:35:00,USDJPY,110.241,110.217,110.224,110.24
2018-06-28 07:40:00,USDJPY,110.252,110.235,110.24,110.243
2018-06-28 07:45:00,USDJPY,110.242,110.211,110.242,110.224
2018-06-28 07:50:00,USDJPY,110.228,110.209,110.225,110.213
2018-06-28 07:55:00,USDJPY,110.221,110.185,110.213,110.218
2018-06-28 08:00:00,USDJPY,110.222,110.192,110.218,110.195
2018-06-28 08:05:00,USDJPY,110.197,110.156,110.195,110.17
2018-06-28 08:10:00,USDJPY,110.195,110.162,110.17,110.182
2018-06-28 08:15:00,USDJPY,110.205,110.162,110.181,110.198
2018-06-28 08:20:00,USDJPY,110.235,110.199,110.199,110.223
2018-06-28 08:25:00,USDJPY,110.239,110.212,110.222,110.223
2018-06-28 08:30:00,USDJPY,110.217,110.136,110.213,110.186
2018-06-28 08:35:00,USDJPY,110.211,110.101,110.187,110.109
2018-06-28 08:40:00,USDJPY,110.109,110.06,110.108,110.064
2018-06-28 08:45:00,USDJPY,110.106,110.065,110.065,110.099
2018-06-28 08:50:00,USDJPY,110.117,110.062,110.1,110.069
2018-06-28 08:55:00,USDJPY,110.158,110.071,110.071,110.148
2018-06-28 09:00:00,USDJPY,110.204,110.139,110.147,110.2
2018-06-28 09:05:00,USDJPY,110.249,110.186,110.199,110.209
2018-06-28 09:10:00,USDJPY,110.211,110.186,110.209,110.21
2018-06-28 09:15:00,USDJPY,110.214,110.193,110.211,110.206
2018-06-28 09:20:00,USDJPY,110.222,110.186,110.207,110.193
2018-06-28 09:25:00,USDJPY,110.245,110.181,110.192,110.241
2018-06-28 09:30:00,USDJPY,110.275,110.24,110.242,110.27
2018-06-28 09:35:00,USDJPY,110.323,110.265,110.269,110.271
2018-06-28 09:40:00,USDJPY,110.302,110.261,110.271,110.267
2018-06-28 09:45:00,USDJPY,110.267,110.209,110.267,110.227
2018-06-28 09:50:00,USDJPY,110.271,110.218,110.228,110.26
2018-06-28 09:55:00,USDJPY,110.306,110.252,110.259,110.306
2018-06-28 10:00:00,USDJPY,110.355,110.284,110.304,110.308
2018-06-28 10:05:00,USDJPY,110.331,110.287,110.309,110.296
2018-06-28 10:10:00,USDJPY,110.308,110.243,110.296,110.261
2018-06-28 10:15:00,USDJPY,110.269,110.234,110.259,110.25
2018-06-28 10:20:00,USDJPY,110.266,110.232,110.251,110.265
2018-06-28 10:25:00,USDJPY,110.298,110.247,110.264,110.265
2018-06-28 10:30:00,USDJPY,110.276,110.24,110.266,110.255
2018-06-28 10:35:00,USDJPY,110.269,110.186,110.257,110.235
2018-06-28 10:40:00,USDJPY,110.292,110.224,110.235,110.28
2018-06-28 10:45:00,USDJPY,110.315,110.278,110.279,110.292
2018-06-28 10:50:00,USDJPY,110.339,110.254,110.291,110.324
2018-06-28 10:55:00,USDJPY,110.382,110.307,110.325,110.368
2018-06-28 11:00:00,USDJPY,110.377,110.324,110.369,110.335
2018-06-28 11:05:00,USDJPY,110.34,110.294,110.335,110.334
2018-06-28 11:10:00,USDJPY,110.34,110.293,110.335,110.309
2018-06-28 11:15:00,USDJPY,110.358,110.276,110.307,110.352
2018-06-28 11:20:00,USDJPY,110.359,110.322,110.353,110.342
2018-06-28 11:25:00,USDJPY,110.371,110.323,110.345,110.333
2018-06-28 11:30:00,USDJPY,110.367,110.332,110.333,110.357
2018-06-28 11:35:00,USDJPY,110.396,110.353,110.358,110.388
2018-06-28 11:40:00,USDJPY,110.399,110.366,110.387,110.393
2018-06-28 11:45:00,USDJPY,110.4,110.371,110.394,110.383
2018-06-28 11:50:00,USDJPY,110.403,110.374,110.384,110.397
2018-06-28 11:55:00,USDJPY,110.422,110.371,110.399,110.384
2018-06-28 12:00:00,USDJPY,110.393,110.361,110.384,110.383
2018-06-28 12:05:00,USDJPY,110.387,110.328,110.382,110.333
2018-06-28 12:10:00,USDJPY,110.35,110.329,110.334,110.344
2018-06-28 12:15:00,USDJPY,110.352,110.334,110.344,110.352
2018-06-28 12:20:00,USDJPY,110.356,110.318,110.351,110.339
2018-06-28 12:25:00,USDJPY,110.35,110.319,110.337,110.321
2018-06-28 12:30:00,USDJPY,110.328,110.308,110.32,110.322
2018-06-28 12:35:00,USDJPY,110.336,110.301,110.323,110.334
2018-06-28 12:40:00,USDJPY,110.337,110.305,110.336,110.311
2018-06-28 12:45:00,USDJPY,110.32,110.278,110.31,110.32
2018-06-28 12:50:00,USDJPY,110.339,110.32,110.321,110.336
2018-06-28 12:55:00,USDJPY,110.348,110.318,110.335,110.337
2018-06-28 13:00:00,USDJPY,110.349,110.323,110.338,110.336
2018-06-28 13:05:00,USDJPY,110.355,110.324,110.34,110.338
2018-06-28 13:10:00,USDJPY,110.361,110.331,110.337,110.35
2018-06-28 13:15:00,USDJPY,110.38,110.347,110.351,110.348
2018-06-28 13:20:00,USDJPY,110.396,110.342,110.347,110.366
2018-06-28 13:25:00,USDJPY,110.372,110.34,110.365,110.361
2018-06-28 13:30:00,USDJPY,110.4,110.361,110.362,110.394
2018-06-28 13:35:00,USDJPY,110.422,110.391,110.395,110.391
2018-06-28 13:40:00,USDJPY,110.409,110.39,110.395,110.391
2018-06-28 13:45:00,USDJPY,110.408,110.389,110.39,110.397
2018-06-28 13:50:00,USDJPY,110.44,110.397,110.398,110.437
2018-06-28 13:55:00,USDJPY,110.441,110.412,110.438,110.413
2018-06-28 14:00:00,USDJPY,110.439,110.407,110.413,110.427
2018-06-28 14:05:00,USDJPY,110.454,110.422,110.427,110.446
2018-06-28 14:10:00,USDJPY,110.455,110.441,110.446,110.444
2018-06-28 14:15:00,USDJPY,110.449,110.413,110.443,110.433
2018-06-28 14:20:00,USDJPY,110.47,110.432,110.433,110.469
2018-06-28 14:25:00,USDJPY,110.5,110.463,110.469,110.497
2018-06-28 14:30:00,USDJPY,110.534,110.481,110.496,110.53
2018-06-28 14:35:00,USDJPY,110.556,110.528,110.529,110.535
2018-06-28 14:40:00,USDJPY,110.573,110.534,110.534,110.571
2018-06-28 14:45:00,USDJPY,110.591,110.571,110.574,110.577
2018-06-28 14:50:00,USDJPY,110.588,110.576,110.578,110.583
2018-06-28 14:55:00,USDJPY,110.633,110.581,110.582,110.628
2018-06-28 15:00:00,USDJPY,110.639,110.618,110.627,110.629
2018-06-28 15:05:00,USDJPY,110.641,110.61,110.63,110.622
2018-06-28 15:10:00,USDJPY,110.647,110.623,110.623,110.641
2018-06-28 15:15:00,USDJPY,110.644,110.624,110.642,110.628
2018-06-28 15:20:00,USDJPY,110.63,110.611,110.628,110.612
2018-06-28 15:25:00,USDJPY,110.618,110.561,110.613,110.562
2018-06-28 15:30:00,USDJPY,110.579,110.545,110.563,110.545
2018-06-28 15:35:00,USDJPY,110.56,110.533,110.546,110.545
2018-06-28 15:40:00,USDJPY,110.551,110.54,110.545,110.548
2018-06-28 15:45:00,USDJPY,110.549,110.526,110.547,110.528
2018-06-28 15:50:00,USDJPY,110.53,110.508,110.527,110.515
2018-06-28 15:55:00,USDJPY,110.527,110.501,110.517,110.514
2018-06-28 16:00:00,USDJPY,110.514,110.479,110.509,110.503
2018-06-28 16:05:00,USDJPY,110.523,110.501,110.503,110.515
2018-06-28 16:10:00,USDJPY,110.533,110.515,110.516,110.528
2018-06-28 16:15:00,USDJPY,110.53,110.511,110.528,110.513
2018-06-28 16:20:00,USDJPY,110.512,110.506,110.512,110.512
2018-06-28 16:25:00,USDJPY,110.516,110.502,110.511,110.507
2018-06-28 16:30:00,USDJPY,110.52,110.503,110.508,110.512
2018-06-28 16:35:00,USDJPY,110.521,110.513,110.513,110.514
2018-06-28 16:40:00,USDJPY,110.524,110.513,110.518,110.522
2018-06-28 16:45:00,USDJPY,110.527,110.514,110.524,110.515
2018-06-28 16:50:00,USDJPY,110.514,110.483,110.514,110.487
2018-06-28 16:55:00,USDJPY,110.498,110.481,110.486,110.481
2018-06-28 17:00:00,USDJPY,110.488,110.473,110.473,110.485
2018-06-28 17:05:00,USDJPY,110.488,110.479,110.485,110.48
2018-06-28 17:10:00,USDJPY,110.492,110.479,110.479,110.485
2018-06-28 17:15:00,USDJPY,110.512,110.485,110.485,110.497
2018-06-28 17:20:00,USDJPY,110.507,110.484,110.497,110.485
2018-06-28 17:25:00,USDJPY,110.502,110.474,110.485,110.498
2018-06-28 17:30:00,USDJPY,110.502,110.459,110.484,110.468
2018-06-28 17:35:00,USDJPY,110.492,110.431,110.466,110.462
2018-06-28 17:40:00,USDJPY,110.462,110.429,110.461,110.456
2018-06-28 17:45:00,USDJPY,110.468,110.459,110.461,110.461
2018-06-28 17:50:00,USDJPY,110.465,110.399,110.462,110.44
2018-06-28 17:55:00,USDJPY,110.46,110.436,110.446,110.46
2018-06-28 18:00:00,USDJPY,110.505,110.458,110.461,110.493
2018-06-28 18:05:00,USDJPY,110.51,110.493,110.494,110.505
2018-06-28 18:10:00,USDJPY,110.514,110.507,110.508,110.512
2018-06-28 18:15:00,USDJPY,110.512,110.507,110.51,110.511
2018-06-28 18:20:00,USDJPY,110.519,110.508,110.51,110.513
2018-06-28 18:25:00,USDJPY,110.525,110.51,110.513,110.523
2018-06-28 18:30:00,USDJPY,110.523,110.493,110.523,110.493
2018-06-28 18:35:00,USDJPY,110.493,110.486,110.492,110.488
2018-06-28 18:40:00,USDJPY,110.488,110.478,110.486,110.488
2018-06-28 18:45:00,USDJPY,110.489,110.486,110.487,110.487
2018-06-28 18:50:00,USDJPY,110.494,110.481,110.486,110.493
2018-06-28 18:55:00,USDJPY,110.494,110.491,110.491,110.491
2018-06-28 19:00:00,USDJPY,110.504,110.474,110.484,110.502
2018-06-28 19:05:00,USDJPY,110.524,110.502,110.503,110.523
2018-06-28 19:10:00,USDJPY,110.534,110.518,110.522,110.518
2018-06-28 19:15:00,USDJPY,110.538,110.505,110.518,110.512
2018-06-28 19:20:00,USDJPY,110.531,110.466,110.511,110.467
2018-06-28 19:25:00,USDJPY,110.48,110.438,110.466,110.465
2018-06-28 19:30:00,USDJPY,110.465,110.426,110.465,110.448
2018-06-28 19:35:00,USDJPY,110.479,110.442,110.445,110.478
2018-06-28 19:40:00,USDJPY,110.483,110.451,110.477,110.451
2018-06-28 19:45:00,USDJPY,110.483,110.453,110.453,110.481
2018-06-28 19:50:00,USDJPY,110.491,110.47,110.482,110.476
2018-06-28 19:55:00,USDJPY,110.492,110.477,110.477,110.486
2018-06-28 20:00:00,USDJPY,110.508,110.432,110.494,110.499
2018-06-28 20:05:00,USDJPY,110.503,110.405,110.5,110.417
2018-06-28 20:10:00,USDJPY,110.45,110.41,110.418,110.421
2018-06-28 20:15:00,USDJPY,110.456,110.422,110.422,110.447
2018-06-28 20:20:00,USDJPY,110.455,110.409,110.446,110.428
2018-06-28 20:25:00,USDJPY,110.428,110.386,110.428,110.406
2018-06-28 20:30:00,USDJPY,110.425,110.398,110.409,110.417
2018-06-28 20:35:00,USDJPY,110.435,110.398,110.416,110.41
2018-06-28 20:40:00,USDJPY,110.423,110.384,110.409,110.394
2018-06-28 20:45:00,USDJPY,110.412,110.373,110.396,110.401
2018-06-28 20:50:00,USDJPY,110.469,110.396,110.402,110.465
2018-06-28 20:55:00,USDJPY,110.459,110.406,110.459,110.445
2018-06-28 21:00:00,USDJPY,110.475,110.428,110.445,110.453
2018-06-28 21:05:00,USDJPY,110.471,110.434,110.453,110.471
2018-06-28 21:10:00,USDJPY,110.599,110.44,110.471,110.572
2018-06-28 21:15:00,USDJPY,110.586,110.532,110.571,110.54
2018-06-28 21:20:00,USDJPY,110.568,110.527,110.542,110.53
2018-06-28 21:25:00,USDJPY,110.549,110.517,110.529,110.548
2018-06-28 21:30:00,USDJPY,110.585,110.522,110.548,110.569
2018-06-28 21:35:00,USDJPY,110.568,110.519,110.568,110.529
2018-06-28 21:40:00,USDJPY,110.555,110.511,110.533,110.53
2018-06-28 21:45:00,USDJPY,110.551,110.503,110.53,110.507
2018-06-28 21:50:00,USDJPY,110.522,110.495,110.509,110.508
2018-06-28 21:55:00,USDJPY,110.512,110.443,110.507,110.459
2018-06-28 22:00:00,USDJPY,110.482,110.45,110.461,110.458
2018-06-28 22:05:00,USDJPY,110.47,110.45,110.459,110.465
2018-06-28 22:10:00,USDJPY,110.485,110.454,110.465,110.468
2018-06-28 22:15:00,USDJPY,110.496,110.459,110.469,110.464
2018-06-28 22:20:00,USDJPY,110.476,110.446,110.463,110.459
2018-06-28 22:25:00,USDJPY,110.502,110.458,110.458,110.489
2018-06-28 22:30:00,USDJPY,110.508,110.468,110.488,110.502
2018-06-28 22:35:00,USDJPY,110.585,110.456,110.499,110.494
2018-06-28 22:40:00,USDJPY,110.541,110.48,110.495,110.527
2018-06-28 22:45:00,USDJPY,110.644,110.522,110.53,110.634
2018-06-28 22:50:00,USDJPY,110.676,110.614,110.635,110.637
2018-06-28 22:55:00,USDJPY,110.73,110.619,110.638,110.711
2018-06-28 23:00:00,USDJPY,110.787,110.686,110.716,110.73
2018-06-28 23:05:00,USDJPY,110.748,110.687,110.728,110.718
2018-06-28 23:10:00,USDJPY,110.742,110.7,110.718,110.742
2018-06-28 23:15:00,USDJPY,110.751,110.718,110.743,110.723
2018-06-28 23:20:00,USDJPY,110.74,110.712,110.722,110.73
2018-06-28 23:25:00,USDJPY,110.762,110.722,110.728,110.724
2018-06-28 23:30:00,USDJPY,110.731,110.699,110.723,110.703
2018-06-28 23:35:00,USDJPY,110.724,110.688,110.702,110.7
2018-06-28 23:40:00,USDJPY,110.715,110.69,110.699,110.714
2018-06-28 23:45:00,USDJPY,110.725,110.694,110.715,110.699
2018-06-28 23:50:00,USDJPY,110.705,110.668,110.701,110.674
2018-06-28 23:55:00,USDJPY,110.696,110.667,110.673,110.684
2018-06-29 00:00:00,USDJPY,110.696,110.678,110.685,110.693
2018-06-29 00:05:00,USDJPY,110.738,110.689,110.692,110.727
2018-06-29 00:10:00,USDJPY,110.728,110.673,110.727,110.687
2018-06-29 00:15:00,USDJPY,110.705,110.672,110.686,110.695
2018-06-29 00:20:00,USDJPY,110.727,110.659,110.694,110.677
2018-06-29 00:25:00,USDJPY,110.725,110.668,110.677,110.716
2018-06-29 00:30:00,USDJPY,110.751,110.699,110.718,110.7
2018-06-29 00:35:00,USDJPY,110.708,110.663,110.701,110.685
2018-06-29 00:40:00,USDJPY,110.726,110.684,110.685,110.697
2018-06-29 00:45:00,USDJPY,110.7,110.662,110.696,110.665
2018-06-29 00:50:00,USDJPY,110.687,110.657,110.666,110.68
2018-06-29 00:55:00,USDJPY,110.687,110.654,110.686,110.674
2018-06-29 01:00:00,USDJPY,110.679,110.651,110.673,110.672
2018-06-29 01:05:00,USDJPY,110.682,110.668,110.672,110.67
2018-06-29 01:10:00,USDJPY,110.682,110.667,110.671,110.678
2018-06-29 01:15:00,USDJPY,110.678,110.657,110.677,110.672
2018-06-29 01:20:00,USDJPY,110.693,110.667,110.671,110.69
2018-06-29 01:25:00,USDJPY,110.701,110.665,110.691,110.692
2018-06-29 01:30:00,USDJPY,110.701,110.663,110.691,110.678
2018-06-29 01:35:00,USDJPY,110.685,110.632,110.677,110.657
2018-06-29 01:40:00,USDJPY,110.665,110.643,110.656,110.656
2018-06-29 01:45:00,USDJPY,110.678,110.641,110.657,110.648
2018-06-29 01:50:00,USDJPY,110.679,110.642,110.649,110.679
2018-06-29 01:55:00,USDJPY,110.705,110.676,110.678,110.702
2018-06-29 02:00:00,USDJPY,110.703,110.653,110.7,110.679
2018-06-29 02:05:00,USDJPY,110.685,110.655,110.678,110.655
2018-06-29 02:10:00,USDJPY,110.681,110.647,110.656,110.67
2018-06-29 02:15:00,USDJPY,110.693,110.65,110.669,110.68
2018-06-29 02:20:00,USDJPY,110.7,110.668,110.68,110.68
2018-06-29 02:25:00,USDJPY,110.688,110.655,110.679,110.668
2018-06-29 02:30:00,USDJPY,110.672,110.62,110.668,110.621
2018-06-29 02:35:00,USDJPY,110.633,110.576,110.625,110.576
2018-06-29 02:40:00,USDJPY,110.599,110.573,110.576,110.59
2018-06-29 02:45:00,USDJPY,110.615,110.583,110.589,110.588
2018-06-29 02:50:00,USDJPY,110.607,110.581,110.589,110.589
2018-06-29 02:55:00,USDJPY,110.601,110.562,110.588,110.601
2018-06-29 03:00:00,USDJPY,110.64,110.594,110.6,110.624
2018-06-29 03:05:00,USDJPY,110.634,110.6,110.62,110.609
2018-06-29 03:10:00,USDJPY,110.641,110.607,110.61,110.635
2018-06-29 03:15:00,USDJPY,110.644,110.59,110.637,110.608
2018-06-29 03:20:00,USDJPY,110.617,110.565,110.608,110.587
2018-06-29 03:25:00,USDJPY,110.592,110.57,110.587,110.589
2018-06-29 03:30:00,USDJPY,110.604,110.586,110.59,110.593
2018-06-29 03:35:00,USDJPY,110.605,110.569,110.593,110.576
2018-06-29 03:40:00,USDJPY,110.598,110.569,110.575,110.588
2018-06-29 03:45:00,USDJPY,110.629,110.586,110.589,110.627
2018-06-29 03:50:00,USDJPY,110.638,110.618,110.628,110.629
2018-06-29 03:55:00,USDJPY,110.644,110.622,110.628,110.637
2018-06-29 04:00:00,USDJPY,110.65,110.621,110.636,110.633
2018-06-29 04:05:00,USDJPY,110.652,110.632,110.632,110.651
2018-06-29 04:10:00,USDJPY,110.683,110.639,110.651,110.663
2018-06-29 04:15:00,USDJPY,110.692,110.643,110.66,110.678
2018-06-29 04:20:00,USDJPY,110.694,110.66,110.677,110.687
2018-06-29 04:25:00,USDJPY,110.686,110.672,110.686,110.68
2018-06-29 04:30:00,USDJPY,110.702,110.672,110.68,110.684
2018-06-29 04:35:00,USDJPY,110.739,110.681,110.683,110.729
2018-06-29 04:40:00,USDJPY,110.745,110.7,110.73,110.717
2018-06-29 04:45:00,USDJPY,110.744,110.705,110.716,110.736
2018-06-29 04:50:00,USDJPY,110.76,110.714,110.737,110.721
2018-06-29 04:55:00,USDJPY,110.749,110.713,110.721,110.739
2018-06-29 05:00:00,USDJPY,110.746,110.714,110.739,110.728
2018-06-29 05:05:00,USDJPY,110.747,110.72,110.726,110.73
2018-06-29 05:10:00,USDJPY,110.738,110.708,110.73,110.718
2018-06-29 05:15:00,USDJPY,110.72,110.694,110.718,110.699
2018-06-29 05:20:00,USDJPY,110.711,110.686,110.702,110.704
2018-06-29 05:25:00,USDJPY,110.72,110.702,110.704,110.72
2018-06-29 05:30:00,USDJPY,110.722,110.69,110.719,110.697
2018-06-29 05:35:00,USDJPY,110.706,110.677,110.696,110.677
2018-06-29 05:40:00,USDJPY,110.682,110.651,110.678,110.657
2018-06-29 05:45:00,USDJPY,110.659,110.65,110.656,110.65
2018-06-29 05:50:00,USDJPY,110.651,110.635,110.65,110.642
2018-06-29 05:55:00,USDJPY,110.655,110.635,110.643,110.649
2018-06-29 06:00:00,USDJPY,110.67,110.635,110.648,110.663
2018-06-29 06:05:00,USDJPY,110.674,110.646,110.663,110.662
2018-06-29 06:10:00,USDJPY,110.674,110.661,110.661,110.669
2018-06-29 06:15:00,USDJPY,110.677,110.661,110.67,110.673
2018-06-29 06:20:00,USDJPY,110.676,110.666,110.673,110.67
2018-06-29 06:25:00,USDJPY,110.669,110.492,110.669,110.503
2018-06-29 06:30:00,USDJPY,110.545,110.473,110.502,110.516
2018-06-29 06:35:00,USDJPY,110.595,110.516,110.517,110.584
2018-06-29 06:40:00,USDJPY,110.585,110.552,110.585,110.567
2018-06-29 06:45:00,USDJPY,110.601,110.56,110.565,110.591
2018-06-29 06:50:00,USDJPY,110.602,110.57,110.592,110.601
2018-06-29 06:55:00,USDJPY,110.627,110.6,110.601,110.612
2018-06-29 07:00:00,USDJPY,110.645,110.611,110.616,110.627
2018-06-29 07:05:00,USDJPY,110.656,110.611,110.628,110.65
2018-06-29 07:10:00,USDJPY,110.65,110.626,110.649,110.634
2018-06-29 07:15:00,USDJPY,110.655,110.63,110.635,110.631
2018-06-29 07:20:00,USDJPY,110.66,110.63,110.635,110.638
2018-06-29 07:25:00,USDJPY,110.665,110.636,110.639,110.643
2018-06-29 07:30:00,USDJPY,110.646,110.616,110.644,110.622
2018-06-29 07:35:00,USDJPY,110.632,110.612,110.623,110.631
2018-06-29 07:40:00,USDJPY,110.638,110.596,110.631,110.605
2018-06-29 07:45:00,USDJPY,110.62,110.593,110.604,110.618
2018-06-29 07:50:00,USDJPY,110.656,110.616,110.619,110.637
2018-06-29 07:55:00,USDJPY,110.664,110.632,110.641,110.659
2018-06-29 08:00:00,USDJPY,110.663,110.637,110.663,110.638
2018-06-29 08:05:00,USDJPY,110.678,110.637,110.637,110.675
2018-06-29 08:10:00,USDJPY,110.717,110.663,110.674,110.694
2018-06-29 08:15:00,USDJPY,110.695,110.658,110.692,110.679
2018-06-29 08:20:00,USDJPY,110.7,110.671,110.68,110.679
2018-06-29 08:25:00,USDJPY,110.69,110.653,110.678,110.681
2018-06-29 08:30:00,USDJPY,110.731,110.677,110.68,110.698
2018-06-29 08:35:00,USDJPY,110.713,110.648,110.697,110.654
2018-06-29 08:40:00,USDJPY,110.66,110.614,110.653,110.639
2018-06-29 08:45:00,USDJPY,110.652,110.614,110.637,110.644
2018-06-29 08:50:00,USDJPY,110.646,110.606,110.642,110.633
2018-06-29 08:55:00,USDJPY,110.668,110.605,110.632,110.607
2018-06-29 09:00:00,USDJPY,110.643,110.606,110.606,110.643
2018-06-29 09:05:00,USDJPY,110.647,110.606,110.642,110.621
2018-06-29 09:10:00,USDJPY,110.664,110.616,110.62,110.652
2018-06-29 09:15:00,USDJPY,110.66,110.642,110.653,110.657
2018-06-29 09:20:00,USDJPY,110.691,110.656,110.66,110.688
2018-06-29 09:25:00,USDJPY,110.718,110.685,110.688,110.705
2018-06-29 09:30:00,USDJPY,110.752,110.7,110.71,110.742
2018-06-29 09:35:00,USDJPY,110.785,110.727,110.742,110.771
2018-06-29 09:40:00,USDJPY,110.777,110.756,110.77,110.765
2018-06-29 09:45:00,USDJPY,110.792,110.756,110.766,110.757
2018-06-29 09:50:00,USDJPY,110.783,110.748,110.758,110.755
2018-06-29 09:55:00,USDJPY,110.761,110.726,110.756,110.746
2018-06-29 10:00:00,USDJPY,110.765,110.718,110.747,110.724
2018-06-29 10:05:00,USDJPY,110.75,110.722,110.723,110.729
2018-06-29 10:10:00,USDJPY,110.74,110.686,110.729,110.696
2018-06-29 10:15:00,USDJPY,110.705,110.678,110.696,110.68
2018-06-29 10:20:00,USDJPY,110.682,110.664,110.68,110.673
2018-06-29 10:25:00,USDJPY,110.675,110.642,110.674,110.659
2018-06-29 10:30:00,USDJPY,110.703,110.619,110.658,110.669
2018-06-29 10:35:00,USDJPY,110.692,110.666,110.67,110.679
2018-06-29 10:40:00,USDJPY,110.689,110.671,110.684,110.679
2018-06-29 10:45:00,USDJPY,110.725,110.661,110.679,110.661
2018-06-29 10:50:00,USDJPY,110.707,110.653,110.66,110.704
2018-06-29 10:55:00,USDJPY,110.779,110.696,110.704,110.741
2018-06-29 11:00:00,USDJPY,110.786,110.719,110.741,110.747
2018-06-29 11:05:00,USDJPY,110.788,110.749,110.75,110.782
2018-06-29 11:10:00,USDJPY,110.873,110.777,110.782,110.85
2018-06-29 11:15:00,USDJPY,110.866,110.836,110.849,110.854
2018-06-29 11:20:00,USDJPY,110.878,110.831,110.853,110.848
2018-06-29 11:25:00,USDJPY,110.86,110.818,110.847,110.836
2018-06-29 11:30:00,USDJPY,110.837,110.792,110.835,110.794
2018-06-29 11:35:00,USDJPY,110.799,110.764,110.794,110.774
2018-06-29 11:40:00,USDJPY,110.798,110.762,110.775,110.762
2018-06-29 11:45:00,USDJPY,110.774,110.754,110.763,110.763
2018-06-29 11:50:00,USDJPY,110.762,110.72,110.762,110.723
2018-06-29 11:55:00,USDJPY,110.735,110.705,110.723,110.718
2018-06-29 12:00:00,USDJPY,110.74,110.7,110.717,110.739
2018-06-29 12:05:00,USDJPY,110.783,110.737,110.739,110.781
2018-06-29 12:10:00,USDJPY,110.78,110.752,110.78,110.759
2018-06-29 12:15:00,USDJPY,110.799,110.751,110.758,110.788
2018-06-29 12:20:00,USDJPY,110.801,110.761,110.789,110.761
2018-06-29 12:25:00,USDJPY,110.779,110.752,110.761,110.767
2018-06-29 12:30:00,USDJPY,110.77,110.739,110.767,110.76
2018-06-29 12:35:00,USDJPY,110.773,110.761,110.761,110.764
2018-06-29 12:40:00,USDJPY,110.8,110.763,110.763,110.788
2018-06-29 12:45:00,USDJPY,110.79,110.769,110.788,110.783
2018-06-29 12:50:00,USDJPY,110.793,110.765,110.782,110.773
2018-06-29 12:55:00,USDJPY,110.783,110.738,110.774,110.779
2018-06-29 13:00:00,USDJPY,110.807,110.775,110.779,110.795
2018-06-29 13:05:00,USDJPY,110.826,110.791,110.797,110.818
2018-06-29 13:10:00,USDJPY,110.836,110.811,110.819,110.831
2018-06-29 13:15:00,USDJPY,110.843,110.824,110.831,110.836
2018-06-29 13:20:00,USDJPY,110.849,110.828,110.836,110.842
2018-06-29 13:25:00,USDJPY,110.854,110.838,110.843,110.842
2018-06-29 13:30:00,USDJPY,110.85,110.83,110.841,110.83
2018-06-29 13:35:00,USDJPY,110.832,110.808,110.829,110.812
2018-06-29 13:40:00,USDJPY,110.842,110.811,110.811,110.835
2018-06-29 13:45:00,USDJPY,110.848,110.816,110.836,110.816
2018-06-29 13:50:00,USDJPY,110.825,110.805,110.815,110.811
2018-06-29 13:55:00,USDJPY,110.811,110.785,110.81,110.792
2018-06-29 14:00:00,USDJPY,110.807,110.79,110.792,110.805
2018-06-29 14:05:00,USDJPY,110.811,110.798,110.803,110.81
2018-06-29 14:10:00,USDJPY,110.819,110.809,110.811,110.813
2018-06-29 14:15:00,USDJPY,110.845,110.81,110.812,110.841
2018-06-29 14:20:00,USDJPY,110.862,110.827,110.842,110.862
2018-06-29 14:25:00,USDJPY,110.863,110.846,110.863,110.848
2018-06-29 14:30:00,USDJPY,110.848,110.822,110.847,110.837
2018-06-29 14:35:00,USDJPY,110.843,110.829,110.836,110.83
2018-06-29 14:40:00,USDJPY,110.874,110.816,110.829,110.863
2018-06-29 14:45:00,USDJPY,110.87,110.846,110.863,110.863
2018-06-29 14:50:00,USDJPY,110.872,110.858,110.862,110.861
2018-06-29 14:55:00,USDJPY,110.88,110.851,110.86,110.868
2018-06-29 15:00:00,USDJPY,110.939,110.869,110.869,110.909
2018-06-29 15:05:00,USDJPY,110.915,110.883,110.91,110.888
2018-06-29 15:10:00,USDJPY,110.905,110.889,110.889,110.901
2018-06-29 15:15:00,USDJPY,110.901,110.868,110.899,110.872
2018-06-29 15:20:00,USDJPY,110.873,110.859,110.871,110.865
2018-06-29 15:25:00,USDJPY,110.873,110.838,110.864,110.844
2018-06-29 15:30:00,USDJPY,110.85,110.839,110.844,110.844
2018-06-29 15:35:00,USDJPY,110.845,110.785,110.844,110.785
2018-06-29 15:40:00,USDJPY,110.791,110.765,110.786,110.769
2018-06-29 15:45:00,USDJPY,110.777,110.747,110.768,110.748
2018-06-29 15:50:00,USDJPY,110.767,110.743,110.747,110.759
2018-06-29 15:55:00,USDJPY,110.758,110.704,110.758,110.705
2018-06-29 16:00:00,USDJPY,110.723,110.654,110.706,110.712
2018-06-29 16:05:00,USDJPY,110.728,110.696,110.714,110.696
2018-06-29 16:10:00,USDJPY,110.706,110.661,110.698,110.688
2018-06-29 16:15:00,USDJPY,110.69,110.652,110.688,110.672
2018-06-29 16:20:00,USDJPY,110.672,110.622,110.672,110.629
2018-06-29 16:25:00,USDJPY,110.631,110.601,110.629,110.622
2018-06-29 16:30:00,USDJPY,110.639,110.612,110.621,110.637
2018-06-29 16:35:00,USDJPY,110.65,110.628,110.637,110.65
2018-06-29 16:40:00,USDJPY,110.683,110.631,110.65,110.676
2018-06-29 16:45:00,USDJPY,110.697,110.675,110.676,110.691
2018-06-29 16:50:00,USDJPY,110.708,110.656,110.691,110.697
2018-06-29 16:55:00,USDJPY,110.708,110.67,110.697,110.67
